Workbook

Sheet Classification Matrix
A1: # | B1: Skill code | C1: Curriculum skill | D1: Cat. | E1: IXL category name | F1: Reasoning: what the student is actually doing | G1: Step 1 | H1: Step 2 | I1: Step 3 | J1: Pipeline | K1: Steps | L1: Composed? | M1: Type-checks? | N1: Changed in v2 re-pass
A2: 1 | B2: A.1 | C2: Factors | D2: A | E2: Numbers | F2: Break a number into its multiplicative parts | G2: Decompose | J2: Decompose | K2: =COUNTA(G2:I2) | L2: =IF(K2>1,"Composed","Atomic") | M2: Pass
A3: 2 | B3: A.2 | C3: Prime factorization | D3: A | E3: Numbers | F3: Break a number into irreducible components | G3: Decompose | J3: Decompose | K3: =COUNTA(G3:I3) | L3: =IF(K3>1,"Composed","Atomic") | M3: Pass
A4: 3 | B4: A.3 | C4: Greatest common factor | D4: A | E4: Numbers | F4: Decompose both numbers, then compare shared parts | G4: Decompose | H4: Compare | J4: Decompose -> Compare | K4: =COUNTA(G4:I4) | L4: =IF(K4>1,"Composed","Atomic") | M4: Pass
A5: 4 | B5: A.4 | C5: Least common multiple | D5: A | E5: Numbers | F5: Decompose, then rebuild the smallest shared whole | G5: Decompose | H5: Compose | J5: Decompose -> Compose | K5: =COUNTA(G5:I5) | L5: =IF(K5>1,"Composed","Atomic") | M5: Pass
A6: 5 | B6: A.5 | C6: GCF and LCM: word problems | D6: A | E6: Numbers | F6: Translate a situation, then decompose numbers | G6: Represent | H6: Decompose | I6: Compare | J6: Represent -> Decompose -> Compare | K6: =COUNTA(G6:I6) | L6: =IF(K6>1,"Composed","Atomic") | M6: Pass | N6: Was Represent+Decompose. Cap hid the Compare step.
A7: 6 | B7: A.6 | C7: Square roots | D7: A | E7: Numbers | F7: Rewrite a number as its inverse-power equivalent | G7: Transform | J7: Transform | K7: =COUNTA(G7:I7) | L7: =IF(K7>1,"Composed","Atomic") | M7: Pass
A8: 7 | B8: A.7 | C8: Cube roots | D8: A | E8: Numbers | F8: Rewrite a number as its inverse-power equivalent | G8: Transform | J8: Transform | K8: =COUNTA(G8:I8) | L8: =IF(K8>1,"Composed","Atomic") | M8: Pass
A9: 8 | B9: A.8 | C9: Classify rational and irrational numbers | D9: A | E9: Numbers | F9: Assign an object to a category by its properties | G9: Identify | J9: Identify | K9: =COUNTA(G9:I9) | L9: =IF(K9>1,"Composed","Atomic") | M9: Pass
A10: 9 | B10: A.9 | C10: Classify numbers | D10: A | E10: Numbers | F10: Assign an object to a category by its properties | G10: Identify | J10: Identify | K10: =COUNTA(G10:I10) | L10: =IF(K10>1,"Composed","Atomic") | M10: Pass
A11: 10 | B11: A.10 | C11: Compare and order rational numbers | D11: A | E11: Numbers | F11: Judge relative magnitude | G11: Compare | J11: Compare | K11: =COUNTA(G11:I11) | L11: =IF(K11>1,"Composed","Atomic") | M11: Pass
A12: 11 | B12: A.11 | C12: Absolute value and opposites | D12: A | E12: Numbers | F12: Rewrite a number under a distance/sign operation | G12: Transform | J12: Transform | K12: =COUNTA(G12:I12) | L12: =IF(K12>1,"Composed","Atomic") | M12: Pass | N12: Was Transform+Measure. Applying the operation is Transform.
A13: 12 | B13: A.12 | C13: Number lines | D13: A | E13: Numbers | F13: Place quantity onto a spatial representation | G13: Represent | J13: Represent | K13: =COUNTA(G13:I13) | L13: =IF(K13>1,"Composed","Atomic") | M13: Pass
A14: 13 | B14: A.13 | C14: Convert between decimals and fractions | D14: A | E14: Numbers | F14: Rewrite the same value in another notation | G14: Transform | J14: Transform | K14: =COUNTA(G14:I14) | L14: =IF(K14>1,"Composed","Atomic") | M14: Pass
A15: 14 | B15: B.1 | C15: Powers with integer bases | D15: B | E15: Exponents | F15: Rewrite a power in expanded/evaluated form | G15: Transform | J15: Transform | K15: =COUNTA(G15:I15) | L15: =IF(K15>1,"Composed","Atomic") | M15: Pass
A16: 15 | B16: B.2 | C16: Powers with decimal and fractional bases | D16: B | E16: Exponents | F16: Rewrite a power in expanded/evaluated form | G16: Transform | J16: Transform | K16: =COUNTA(G16:I16) | L16: =IF(K16>1,"Composed","Atomic") | M16: Pass
A17: 16 | B17: B.3 | C17: Negative exponents | D17: B | E17: Exponents | F17: Rewrite using an equivalent-form rule | G17: Transform | J17: Transform | K17: =COUNTA(G17:I17) | L17: =IF(K17>1,"Composed","Atomic") | M17: Pass
A18: 17 | B18: B.4 | C18: Multiplication with exponents | D18: B | E18: Exponents | F18: Rewrite using an equivalent-form rule | G18: Transform | J18: Transform | K18: =COUNTA(G18:I18) | L18: =IF(K18>1,"Composed","Atomic") | M18: Pass
A19: 18 | B19: B.5 | C19: Division with exponents | D19: B | E19: Exponents | F19: Rewrite using an equivalent-form rule | G19: Transform | J19: Transform | K19: =COUNTA(G19:I19) | L19: =IF(K19>1,"Composed","Atomic") | M19: Pass
A20: 19 | B20: B.6 | C20: Multiplication and division with exponents | D20: B | E20: Exponents | F20: Rewrite using an equivalent-form rule | G20: Transform | J20: Transform | K20: =COUNTA(G20:I20) | L20: =IF(K20>1,"Composed","Atomic") | M20: Pass
A21: 20 | B21: B.7 | C21: Power rule | D21: B | E21: Exponents | F21: Apply a general rewrite rule to any instance | G21: Transform | J21: Transform | K21: =COUNTA(G21:I21) | L21: =IF(K21>1,"Composed","Atomic") | M21: Pass | N21: Was Transform+Generalize. Applying the power rule is Transform executing its own rule, not generalizing.
A22: 21 | B22: B.8 | C22: Evaluate expressions using properties of exponents | D22: B | E22: Exponents | F22: Rewrite to canonical numeric form | G22: Transform | J22: Transform | K22: =COUNTA(G22:I22) | L22: =IF(K22>1,"Composed","Atomic") | M22: Pass
A23: 22 | B23: B.9 | C23: Identify equivalent expressions involving exponents | D23: B | E23: Exponents | F23: Rewrite candidates, then test sameness | G23: Transform | H23: Compare | J23: Transform -> Compare | K23: =COUNTA(G23:I23) | L23: =IF(K23>1,"Composed","Atomic") | M23: Pass
A24: 23 | B24: C.1 | C24: Convert between standard and scientific notation | D24: C | E24: Scientific notation | F24: Rewrite the same value in another notation | G24: Transform | J24: Transform | K24: =COUNTA(G24:I24) | L24: =IF(K24>1,"Composed","Atomic") | M24: Pass
A25: 24 | B25: C.2 | C25: Compare numbers written in scientific notation | D25: C | E25: Scientific notation | F25: Judge relative magnitude | G25: Compare | J25: Compare | K25: =COUNTA(G25:I25) | L25: =IF(K25>1,"Composed","Atomic") | M25: Pass | N25: Was Compare alone. Unchanged.
A26: 25 | B26: C.3 | C26: Multiply numbers written in scientific notation | D26: C | E26: Scientific notation | F26: Rewrite a product into canonical notation | G26: Transform | J26: Transform | K26: =COUNTA(G26:I26) | L26: =IF(K26>1,"Composed","Atomic") | M26: Pass
A27: 26 | B27: C.4 | C27: Divide numbers written in scientific notation | D27: C | E27: Scientific notation | F27: Rewrite a quotient into canonical notation | G27: Transform | J27: Transform | K27: =COUNTA(G27:I27) | L27: =IF(K27>1,"Composed","Atomic") | M27: Pass
A28: 27 | B28: D.1 | C28: Simplify radical expressions | D28: D | E28: Radical expressions | F28: Rewrite an equivalent representation | G28: Transform | J28: Transform | K28: =COUNTA(G28:I28) | L28: =IF(K28>1,"Composed","Atomic") | M28: Pass
A29: 28 | B29: D.2 | C29: Simplify radical expressions by rationalizing the denominator | D29: D | E29: Radical expressions | F29: Rewrite an equivalent representation | G29: Transform | J29: Transform | K29: =COUNTA(G29:I29) | L29: =IF(K29>1,"Composed","Atomic") | M29: Pass
A30: 29 | B30: D.3 | C30: Multiply radical expressions | D30: D | E30: Radical expressions | F30: Rewrite an equivalent representation | G30: Transform | J30: Transform | K30: =COUNTA(G30:I30) | L30: =IF(K30>1,"Composed","Atomic") | M30: Pass
A31: 30 | B31: D.4 | C31: Add and subtract radical expressions | D31: D | E31: Radical expressions | F31: Rewrite an equivalent representation | G31: Transform | J31: Transform | K31: =COUNTA(G31:I31) | L31: =IF(K31>1,"Composed","Atomic") | M31: Pass
A32: 31 | B32: D.5 | C32: Simplify radical expressions using the distributive property | D32: D | E32: Radical expressions | F32: Rewrite an equivalent representation | G32: Transform | J32: Transform | K32: =COUNTA(G32:I32) | L32: =IF(K32>1,"Composed","Atomic") | M32: Pass
A33: 32 | B33: D.6 | C33: Simplify radical expressions: mixed review | D33: D | E33: Radical expressions | F33: Rewrite an equivalent representation | G33: Transform | J33: Transform | K33: =COUNTA(G33:I33) | L33: =IF(K33>1,"Composed","Atomic") | M33: Pass
A34: 33 | B34: E.1 | C34: Evaluate rational exponents | D34: E | E34: Rational exponents | F34: Rewrite to canonical numeric form | G34: Transform | J34: Transform | K34: =COUNTA(G34:I34) | L34: =IF(K34>1,"Composed","Atomic") | M34: Pass
A35: 34 | B35: E.2 | C35: Multiplication with rational exponents | D35: E | E35: Rational exponents | F35: Rewrite using an equivalent-form rule | G35: Transform | J35: Transform | K35: =COUNTA(G35:I35) | L35: =IF(K35>1,"Composed","Atomic") | M35: Pass
A36: 35 | B36: E.3 | C36: Division with rational exponents | D36: E | E36: Rational exponents | F36: Rewrite using an equivalent-form rule | G36: Transform | J36: Transform | K36: =COUNTA(G36:I36) | L36: =IF(K36>1,"Composed","Atomic") | M36: Pass
A37: 36 | B37: E.4 | C37: Power rule with rational exponents | D37: E | E37: Rational exponents | F37: Apply a general rewrite rule to any instance | G37: Transform | J37: Transform | K37: =COUNTA(G37:I37) | L37: =IF(K37>1,"Composed","Atomic") | M37: Pass | N37: Was Transform+Generalize. Same as B.7.
A38: 37 | B38: E.5 | C38: Simplify expressions involving rational exponents I | D38: E | E38: Rational exponents | F38: Rewrite an equivalent representation | G38: Transform | J38: Transform | K38: =COUNTA(G38:I38) | L38: =IF(K38>1,"Composed","Atomic") | M38: Pass
A39: 38 | B39: E.6 | C39: Simplify expressions involving rational exponents II | D39: E | E39: Rational exponents | F39: Rewrite an equivalent representation | G39: Transform | J39: Transform | K39: =COUNTA(G39:I39) | L39: =IF(K39>1,"Composed","Atomic") | M39: Pass
A40: 39 | B40: F.1 | C40: Coordinate plane review | D40: F | E40: Coordinate plane | F40: Map between points and coordinate notation | G40: Represent | J40: Represent | K40: =COUNTA(G40:I40) | L40: =IF(K40>1,"Composed","Atomic") | M40: Pass
A41: 40 | B41: F.2 | C41: Midpoints | D41: F | E41: Coordinate plane | F41: Quantify a position from given magnitudes | G41: Measure | J41: Measure | K41: =COUNTA(G41:I41) | L41: =IF(K41>1,"Composed","Atomic") | M41: Pass
A42: 41 | B42: F.3 | C42: Distance between two points | D42: F | E42: Coordinate plane | F42: Quantify a magnitude from a structure | G42: Measure | J42: Measure | K42: =COUNTA(G42:I42) | L42: =IF(K42>1,"Composed","Atomic") | M42: Pass
A43: 42 | B43: G.1 | C43: Model and solve equations using algebra tiles | D43: G | E43: Solve equations | F43: Build a concrete model, then satisfy a condition | G43: Represent | H43: Constrain | J43: Represent -> Constrain | K43: =COUNTA(G43:I43) | L43: =IF(K43>1,"Composed","Atomic") | M43: Pass
A44: 43 | B44: G.2 | C44: Write and solve equations that represent diagrams | D44: G | E44: Solve equations | F44: Translate a diagram, then satisfy a condition | G44: Represent | H44: Constrain | J44: Represent -> Constrain | K44: =COUNTA(G44:I44) | L44: =IF(K44>1,"Composed","Atomic") | M44: Pass
A45: 44 | B45: G.3 | C45: Solve one-step linear equations | D45: G | E45: Solve equations | F45: Find the value satisfying a condition | G45: Constrain | J45: Constrain | K45: =COUNTA(G45:I45) | L45: =IF(K45>1,"Composed","Atomic") | M45: Pass
A46: 45 | B46: G.4 | C46: Solve two-step linear equations | D46: G | E46: Solve equations | F46: Find the value satisfying a condition | G46: Constrain | J46: Constrain | K46: =COUNTA(G46:I46) | L46: =IF(K46>1,"Composed","Atomic") | M46: Pass
A47: 46 | B47: G.5 | C47: Solve advanced linear equations | D47: G | E47: Solve equations | F47: Find the value satisfying a condition | G47: Constrain | J47: Constrain | K47: =COUNTA(G47:I47) | L47: =IF(K47>1,"Composed","Atomic") | M47: Pass
A48: 47 | B48: G.6 | C48: Solve equations with variables on both sides | D48: G | E48: Solve equations | F48: Find the value satisfying a condition | G48: Constrain | J48: Constrain | K48: =COUNTA(G48:I48) | L48: =IF(K48>1,"Composed","Atomic") | M48: Pass
A49: 48 | B49: G.7 | C49: Solve equations: complete the solution | D49: G | E49: Solve equations | F49: Find the value satisfying a condition | G49: Constrain | J49: Constrain | K49: =COUNTA(G49:I49) | L49: =IF(K49>1,"Composed","Atomic") | M49: Pass
A50: 49 | B50: G.8 | C50: Find the number of solutions | D50: G | E50: Solve equations | F50: Characterize a constraint's solution set | G50: Transform | H50: Identify | J50: Transform -> Identify | K50: =COUNTA(G50:I50) | L50: =IF(K50>1,"Composed","Atomic") | M50: Pass | N50: Was Identify+Constrain. Simplify to reveal form, then classify.
A51: 50 | B51: G.9 | C51: Create equations with no solutions or infinitely many solutions | D51: G | E51: Solve equations | F51: Construct a constraint with a target property | G51: Represent | J51: Represent | K51: =COUNTA(G51:I51) | L51: =IF(K51>1,"Composed","Atomic") | M51: Pass | N51: Was Generalize+Constrain. Applies a known criterion to build an object; Represent.
A52: 51 | B52: G.10 | C52: Solve linear equations: word problems | D52: G | E52: Solve equations | F52: Translate a situation, then satisfy a condition | G52: Represent | H52: Constrain | J52: Represent -> Constrain | K52: =COUNTA(G52:I52) | L52: =IF(K52>1,"Composed","Atomic") | M52: Pass
A53: 52 | B53: G.11 | C53: Solve linear equations: mixed review | D53: G | E53: Solve equations | F53: Find the value satisfying a condition | G53: Constrain | J53: Constrain | K53: =COUNTA(G53:I53) | L53: =IF(K53>1,"Composed","Atomic") | M53: Pass
A54: 53 | B54: H.1 | C54: Graph inequalities | D54: H | E54: Single-variable inequalities | F54: Move a condition into a spatial representation | G54: Represent | J54: Represent | K54: =COUNTA(G54:I54) | L54: =IF(K54>1,"Composed","Atomic") | M54: Pass
A55: 54 | B55: H.2 | C55: Write inequalities from graphs | D55: H | E55: Single-variable inequalities | F55: Move a spatial representation into symbols | G55: Represent | J55: Represent | K55: =COUNTA(G55:I55) | L55: =IF(K55>1,"Composed","Atomic") | M55: Pass
A56: 55 | B56: H.3 | C56: Identify solutions to inequalities | D56: H | E56: Single-variable inequalities | F56: Test a candidate against a condition | G56: Verify | J56: Verify | K56: =COUNTA(G56:I56) | L56: =IF(K56>1,"Composed","Atomic") | M56: Pass | N56: Was Verify. Unchanged.
A57: 56 | B57: H.4 | C57: Solve one-step linear inequalities: addition and subtraction | D57: H | E57: Single-variable inequalities | F57: Find values satisfying a condition | G57: Constrain | J57: Constrain | K57: =COUNTA(G57:I57) | L57: =IF(K57>1,"Composed","Atomic") | M57: Pass
A58: 57 | B58: H.5 | C58: Solve one-step linear inequalities: multiplication and division | D58: H | E58: Single-variable inequalities | F58: Find values satisfying a condition | G58: Constrain | J58: Constrain | K58: =COUNTA(G58:I58) | L58: =IF(K58>1,"Composed","Atomic") | M58: Pass
A59: 58 | B59: H.6 | C59: Solve one-step linear inequalities | D59: H | E59: Single-variable inequalities | F59: Find values satisfying a condition | G59: Constrain | J59: Constrain | K59: =COUNTA(G59:I59) | L59: =IF(K59>1,"Composed","Atomic") | M59: Pass
A60: 59 | B60: H.7 | C60: Graph solutions to one-step linear inequalities | D60: H | E60: Single-variable inequalities | F60: Satisfy a condition, then represent the set | G60: Constrain | H60: Represent | J60: Constrain -> Represent | K60: =COUNTA(G60:I60) | L60: =IF(K60>1,"Composed","Atomic") | M60: Pass
A61: 60 | B61: H.8 | C61: Solve two-step linear inequalities | D61: H | E61: Single-variable inequalities | F61: Find values satisfying a condition | G61: Constrain | J61: Constrain | K61: =COUNTA(G61:I61) | L61: =IF(K61>1,"Composed","Atomic") | M61: Pass
A62: 61 | B62: H.9 | C62: Graph solutions to two-step linear inequalities | D62: H | E62: Single-variable inequalities | F62: Satisfy a condition, then represent the set | G62: Constrain | H62: Represent | J62: Constrain -> Represent | K62: =COUNTA(G62:I62) | L62: =IF(K62>1,"Composed","Atomic") | M62: Pass
A63: 62 | B63: H.10 | C63: Solve multi-step linear inequalities | D63: H | E63: Single-variable inequalities | F63: Find values satisfying a condition | G63: Constrain | J63: Constrain | K63: =COUNTA(G63:I63) | L63: =IF(K63>1,"Composed","Atomic") | M63: Pass
A64: 63 | B64: H.11 | C64: Graph solutions to multi-step linear inequalities | D64: H | E64: Single-variable inequalities | F64: Satisfy a condition, then represent the set | G64: Constrain | H64: Represent | J64: Constrain -> Represent | K64: =COUNTA(G64:I64) | L64: =IF(K64>1,"Composed","Atomic") | M64: Pass
A65: 64 | B65: H.12 | C65: Graph compound inequalities | D65: H | E65: Single-variable inequalities | F65: Move a joined condition into a spatial representation | G65: Represent | J65: Represent | K65: =COUNTA(G65:I65) | L65: =IF(K65>1,"Composed","Atomic") | M65: Pass
A66: 65 | B66: H.13 | C66: Write compound inequalities from graphs | D66: H | E66: Single-variable inequalities | F66: Move a spatial representation into symbols | G66: Represent | J66: Represent | K66: =COUNTA(G66:I66) | L66: =IF(K66>1,"Composed","Atomic") | M66: Pass
A67: 66 | B67: H.14 | C67: Solve compound inequalities | D67: H | E67: Single-variable inequalities | F67: Find values satisfying several joined conditions | G67: Constrain | J67: Constrain | K67: =COUNTA(G67:I67) | L67: =IF(K67>1,"Composed","Atomic") | M67: Pass
A68: 67 | B68: H.15 | C68: Graph solutions to compound inequalities | D68: H | E68: Single-variable inequalities | F68: Satisfy conditions, then represent the set | G68: Constrain | H68: Represent | J68: Constrain -> Represent | K68: =COUNTA(G68:I68) | L68: =IF(K68>1,"Composed","Atomic") | M68: Pass
A69: 68 | B69: I.1 | C69: Interpret bar graphs, line graphs and histograms | D69: I | E69: Data and graphs | F69: Read quantities out of a display | G69: Represent | H69: Measure | J69: Represent -> Measure | K69: =COUNTA(G69:I69) | L69: =IF(K69>1,"Composed","Atomic") | M69: Pass
A70: 69 | B70: I.2 | C70: Create bar graphs, line graphs and histograms | D70: I | E70: Data and graphs | F70: Move data into a display | G70: Represent | J70: Represent | K70: =COUNTA(G70:I70) | L70: =IF(K70>1,"Composed","Atomic") | M70: Pass
A71: 70 | B71: I.3 | C71: Interpret circle graphs | D71: I | E71: Data and graphs | F71: Read quantities out of a display | G71: Represent | H71: Measure | J71: Represent -> Measure | K71: =COUNTA(G71:I71) | L71: =IF(K71>1,"Composed","Atomic") | M71: Pass
A72: 71 | B72: I.4 | C72: Interpret stem-and-leaf plots | D72: I | E72: Data and graphs | F72: Read quantities out of a display | G72: Represent | H72: Measure | J72: Represent -> Measure | K72: =COUNTA(G72:I72) | L72: =IF(K72>1,"Composed","Atomic") | M72: Pass
A73: 72 | B73: I.5 | C73: Box plots | D73: I | E73: Data and graphs | F73: Move a distribution into a summary display | G73: Measure | H73: Represent | J73: Measure -> Represent | K73: =COUNTA(G73:I73) | L73: =IF(K73>1,"Composed","Atomic") | M73: Pass | N73: Was Represent+Measure. Reordered: compute the five-number summary, then display it.
A74: 73 | B74: I.6 | C74: Interpret a scatter plot | D74: I | E74: Data and graphs | F74: Read a trend out of a display | G74: Represent | H74: Generalize | J74: Represent -> Generalize | K74: =COUNTA(G74:I74) | L74: =IF(K74>1,"Composed","Atomic") | M74: Pass | N74: Was Represent+Generalize, kept - trend inference is genuine.
A75: 74 | B75: I.7 | C75: Scatter plots: line of best fit | D75: I | E75: Data and graphs | F75: Infer a general rule from many cases | G75: Generalize | H75: Represent | J75: Generalize -> Represent | K75: =COUNTA(G75:I75) | L75: =IF(K75>1,"Composed","Atomic") | M75: Pass | N75: Was Generalize+Represent, kept.
A76: 75 | B76: J.1 | C76: Relations: convert between tables, graphs, mappings and lists of points | D76: J | E76: Relations and functions | F76: Move the same relation across representations | G76: Represent | J76: Represent | K76: =COUNTA(G76:I76) | L76: =IF(K76>1,"Composed","Atomic") | M76: Pass
A77: 76 | B77: J.2 | C77: Domain and range of relations | D77: J | E77: Relations and functions | F77: Extract the defining input/output sets | G77: Identify | J77: Identify | K77: =COUNTA(G77:I77) | L77: =IF(K77>1,"Composed","Atomic") | M77: Pass
A78: 77 | B78: J.3 | C78: Identify independent and dependent variables | D78: J | E78: Relations and functions | F78: Assign roles within a structure | G78: Identify | J78: Identify | K78: =COUNTA(G78:I78) | L78: =IF(K78>1,"Composed","Atomic") | M78: Pass
A79: 78 | B79: J.4 | C79: Identify functions | D79: J | E79: Relations and functions | F79: Assign an object to a category by its properties | G79: Identify | J79: Identify | K79: =COUNTA(G79:I79) | L79: =IF(K79>1,"Composed","Atomic") | M79: Pass
A80: 79 | B80: J.5 | C80: Identify functions: vertical line test | D80: J | E80: Relations and functions | F80: Apply a test to decide category membership | G80: Identify | J80: Identify | K80: =COUNTA(G80:I80) | L80: =IF(K80>1,"Composed","Atomic") | M80: Pass | N80: Was Identify+Verify. The vertical line test IS Identify's decision rule.
A81: 80 | B81: J.6 | C81: Find values using function graphs | D81: J | E81: Relations and functions | F81: Read a value out of a representation | G81: Represent | J81: Represent | K81: =COUNTA(G81:I81) | L81: =IF(K81>1,"Composed","Atomic") | M81: Pass
A82: 81 | B82: J.7 | C82: Evaluate a function | D82: J | E82: Relations and functions | F82: Rewrite with a value substituted | G82: Transform | J82: Transform | K82: =COUNTA(G82:I82) | L82: =IF(K82>1,"Composed","Atomic") | M82: Pass
A83: 82 | B83: J.8 | C83: Evaluate a function: plug in an expression | D83: J | E83: Relations and functions | F83: Rewrite with an expression substituted | G83: Transform | J83: Transform | K83: =COUNTA(G83:I83) | L83: =IF(K83>1,"Composed","Atomic") | M83: Pass
A84: 83 | B84: J.9 | C84: Complete a function table from a graph | D84: J | E84: Relations and functions | F84: Move a relation between representations | G84: Represent | J84: Represent | K84: =COUNTA(G84:I84) | L84: =IF(K84>1,"Composed","Atomic") | M84: Pass
A85: 84 | B85: J.10 | C85: Complete a function table from an equation | D85: J | E85: Relations and functions | F85: Move a relation between representations | G85: Transform | H85: Represent | J85: Transform -> Represent | K85: =COUNTA(G85:I85) | L85: =IF(K85>1,"Composed","Atomic") | M85: Pass | N85: Was Represent+Transform. Reordered: compute, then tabulate.
A86: 85 | B86: J.11 | C86: Interpret the graph of a function: word problems | D86: J | E86: Relations and functions | F86: Read meaning out of a representation | G86: Represent | J86: Represent | K86: =COUNTA(G86:I86) | L86: =IF(K86>1,"Composed","Atomic") | M86: Pass
A87: 86 | B87: K.1 | C87: Identify proportional relationships | D87: K | E87: Direct and inverse variation | F87: Assign an object to a category by its properties | G87: Identify | J87: Identify | K87: =COUNTA(G87:I87) | L87: =IF(K87>1,"Composed","Atomic") | M87: Pass
A88: 87 | B88: K.2 | C88: Find the constant of variation | D88: K | E88: Direct and inverse variation | F88: Extract the invariant parameter from cases | G88: Measure | J88: Measure | K88: =COUNTA(G88:I88) | L88: =IF(K88>1,"Composed","Atomic") | M88: Pass | N88: Was Generalize+Measure. k = y/x is a formula; this is Measure.
A89: 88 | B89: K.3 | C89: Graph a proportional relationship | D89: K | E89: Direct and inverse variation | F89: Move a relation into a spatial representation | G89: Represent | J89: Represent | K89: =COUNTA(G89:I89) | L89: =IF(K89>1,"Composed","Atomic") | M89: Pass
A90: 89 | B90: K.4 | C90: Write direct variation equations | D90: K | E90: Direct and inverse variation | F90: Infer a general rule from given cases | G90: Measure | H90: Represent | J90: Measure -> Represent | K90: =COUNTA(G90:I90) | L90: =IF(K90>1,"Composed","Atomic") | M90: Pass | N90: Was Generalize+Represent. Template y=kx is given; find k then write it.
A91: 90 | B91: K.5 | C91: Write and solve direct variation equations | D91: K | E91: Direct and inverse variation | F91: Infer a rule, then satisfy a condition | G91: Measure | H91: Represent | I91: Constrain | J91: Measure -> Represent -> Constrain | K91: =COUNTA(G91:I91) | L91: =IF(K91>1,"Composed","Atomic") | M91: Pass | N91: Was Generalize+Constrain. Expanded to Measure -> Represent -> Constrain.
A92: 91 | B92: K.6 | C92: Identify direct variation and inverse variation | D92: K | E92: Direct and inverse variation | F92: Distinguish two categories by their properties | G92: Identify | J92: Identify | K92: =COUNTA(G92:I92) | L92: =IF(K92>1,"Composed","Atomic") | M92: Pass | N92: Was Identify+Compare. Same as Z.10.
A93: 92 | B93: K.7 | C93: Write inverse variation equations | D93: K | E93: Direct and inverse variation | F93: Infer a general rule from given cases | G93: Measure | H93: Represent | J93: Measure -> Represent | K93: =COUNTA(G93:I93) | L93: =IF(K93>1,"Composed","Atomic") | M93: Pass | N93: Was Generalize+Represent. Same as K.4.
A94: 93 | B94: K.8 | C94: Write and solve inverse variation equations | D94: K | E94: Direct and inverse variation | F94: Infer a rule, then satisfy a condition | G94: Measure | H94: Represent | I94: Constrain | J94: Measure -> Represent -> Constrain | K94: =COUNTA(G94:I94) | L94: =IF(K94>1,"Composed","Atomic") | M94: Pass | N94: Was Generalize+Constrain. Expanded to Measure -> Represent -> Constrain.
A95: 94 | B95: L.1 | C95: Identify linear functions | D95: L | E95: Linear functions | F95: Assign an object to a category by its properties | G95: Identify | J95: Identify | K95: =COUNTA(G95:I95) | L95: =IF(K95>1,"Composed","Atomic") | M95: Pass
A96: 95 | B96: L.2 | C96: Find the slope of a graph | D96: L | E96: Linear functions | F96: Quantify a rate from a representation | G96: Measure | J96: Measure | K96: =COUNTA(G96:I96) | L96: =IF(K96>1,"Composed","Atomic") | M96: Pass
A97: 96 | B97: L.3 | C97: Find the slope from two points | D97: L | E97: Linear functions | F97: Quantify a rate from given magnitudes | G97: Measure | J97: Measure | K97: =COUNTA(G97:I97) | L97: =IF(K97>1,"Composed","Atomic") | M97: Pass
A98: 97 | B98: L.4 | C98: Find a missing coordinate using slope | D98: L | E98: Linear functions | F98: Satisfy a rate condition to recover a value | G98: Constrain | J98: Constrain | K98: =COUNTA(G98:I98) | L98: =IF(K98>1,"Composed","Atomic") | M98: Pass | N98: Was Constrain+Measure. Same as DD.1.
A99: 98 | B99: L.5 | C99: Slope-intercept form: find the slope and y-intercept | D99: L | E99: Linear functions | F99: Extract parameters from a canonical form | G99: Identify | J99: Identify | K99: =COUNTA(G99:I99) | L99: =IF(K99>1,"Composed","Atomic") | M99: Pass | N99: Was Identify+Transform. Reading parameters off a canonical form is Identify.
A100: 99 | B100: L.6 | C100: Slope-intercept form: graph an equation | D100: L | E100: Linear functions | F100: Move symbols into a spatial representation | G100: Represent | J100: Represent | K100: =COUNTA(G100:I100) | L100: =IF(K100>1,"Composed","Atomic") | M100: Pass
...

Sheet Primitive Vocabulary
A1: Deliverable 1 & 3 - Primitives as typed operations
A2: Each primitive is an operation with a signature and a rule. Nine are mechanical; one (Generalize) is not.
A4: Primitive | B4: Rule kind | C4: Does it have a definable rule? | D4: What its rule looks like | E4: Example rules / formulas it carries | F4: Accepts (input types) | G4: Returns (output type) | H4: Times used | I4: As final step | J4: Mid-pipeline
A5: Identify | B5: Classifier | C5: Yes | D5: A checklist of defining properties. Object in, category out. | E5: Vertical line test; quadrilateral property checklist; leading-coefficient sign | F5: Object, Parts, Relation, Rule, Value | G5: Category | H5: =COUNTIF('Classification Matrix'!$G$2:$I$307,$A5) | I5: 35 | J5: 0
A6: Represent | B6: Translator | C6: Yes | D6: A mapping between two notations. Same content, new form. | E6: Point plotting; slope-intercept to graph; SOH-CAH-TOA set-up; net unfolding | F6: Object, Parts, Relation, Rule, Value | G6: Object | H6: =COUNTIF('Classification Matrix'!$G$2:$I$307,$A6) | I6: 57 | J6: 26
A7: Transform | B7: Producer | C7: Yes | D7: An equivalence-preserving rewrite rule. | E7: Exponent laws; radical simplification; distributive property; unit conversion | F7: Object, Parts, Rule, Value | G7: Object | H7: =COUNTIF('Classification Matrix'!$G$2:$I$307,$A7) | I7: 64 | J7: 18
A8: Compare | B8: Producer | C8: Yes | D8: A relation-extraction rule. Two objects in, a relation out. | E8: Ordering on the number line; ratio of corresponding sides; scale factor | F8: Object, Parts, Value | G8: Relation | H8: =COUNTIF('Classification Matrix'!$G$2:$I$307,$A8) | I8: 17 | J8: 8
A9: Compose | B9: Producer | C9: Yes | D9: An assembly rule. Parts in, one whole out. | E9: Counting principle; sum of partial areas; composition of transformations | F9: Object, Parts, Value | G9: Object | H9: =COUNTIF('Classification Matrix'!$G$2:$I$307,$A9) | I9: 7 | J9: 6
A10: Decompose | B10: Producer | C10: Yes | D10: A splitting rule. One whole in, parts out. | E10: Prime factorization; factoring quadratics; net decomposition; long division | F10: Object | G10: Parts | H10: =COUNTIF('Classification Matrix'!$G$2:$I$307,$A10) | I10: 12 | J10: 11
A11: Constrain | B11: Producer | C11: Yes | D11: A solution procedure over stated conditions. | E11: Isolate the variable; quadratic formula; elimination; Pythagorean relation | F11: Object, Parts, Relation, Rule, Value | G11: Value | H11: =COUNTIF('Classification Matrix'!$G$2:$I$307,$A11) | I11: 47 | J11: 4
A12: Measure | B12: Producer | C12: Yes | D12: A quantification formula. Object in, magnitude out. | E12: A = 1/2bh; slope = rise/run; (n-2)x180; mean; P(E) = favourable/total | F12: Object, Parts, Relation, Value | G12: Value | H12: =COUNTIF('Classification Matrix'!$G$2:$I$307,$A12) | I12: 46 | J12: 17
A13: Generalize | B13: Inducer | C13: NO - inductive, not mechanical | D13: NO FORMULA EXISTS. Cases in, a new rule out. The one non-mechanical primitive. | E13: Line of best fit; writing the rule for a mapping; deriving f(x) from a table | F13: Cases, Object, Value | G13: Rule | H13: =COUNTIF('Classification Matrix'!$G$2:$I$307,$A13) | I13: 4 | J13: 3
A14: Verify | B14: Tester | C14: Yes | D14: A criterion returning true or false. Terminal - nothing consumes a Boolean. | E14: Substitution check; SSS/SAS criteria; triangle inequality; counterexample search | F14: Category, Object, Parts, Relation, Rule, Value | G14: Boolean | H14: =COUNTIF('Classification Matrix'!$G$2:$I$307,$A14) | I14: 17 | J14: 0
A17: Reading this sheet
A18: A primitive is an operation: it accepts certain input types and returns exactly one output type. The 'rule' is what the student is taught once and then reuses everywhere the primitive appears.
A19: Identify and Verify are highlighted because they NEVER appear mid-pipeline (0 occurrences in 306 skills). The type system predicts this: they return Category and Boolean, and nothing downstream consumes those. The prediction was not enforced during classification - it emerged from the data.
A20: Generalize is the only primitive with no definable rule. It appears in just 7 of 306 skills, which locates the non-mechanical part of Grade 10 mathematics precisely.

Sheet Pipeline Library
A1: The composition layer - every distinct program over the primitives
A2: 306 curriculum skills reduce to this many distinct pipelines. This is the compression the hypothesis predicts.
A4: Rank | B4: Pipeline | C4: Length | D4: Skills using it | E4: % of curriculum | F4: Cumulative % | G4: Example skill
A5: 1 | B5: Transform | C5: 1 | D5: 60 | E5: 0.19607843 | F5: 0.19607843 | G5: A.6 Square roots
A6: 2 | B6: Represent | C6: 1 | D6: 36 | E6: 0.11764706 | F6: 0.31372549 | G6: A.12 Number lines
A7: 3 | B7: Measure | C7: 1 | D7: 31 | E7: 0.10130719 | F7: 0.41503268 | G7: F.2 Midpoints
A8: 4 | B8: Constrain | C8: 1 | D8: 30 | E8: 0.098039216 | F8: 0.5130719 | G8: G.3 Solve one-step linear equations
A9: 5 | B9: Identify | C9: 1 | D9: 28 | E9: 0.091503268 | F9: 0.60457516 | G9: A.8 Classify rational and irrational numbers
A10: 6 | B10: Verify | C10: 1 | D10: 15 | E10: 0.049019608 | F10: 0.65359477 | G10: H.3 Identify solutions to inequalities
A11: 7 | B11: Decompose | C11: 1 | D11: 11 | E11: 0.035947712 | F11: 0.68954248 | G11: A.1 Factors
A12: 8 | B12: Compare | C12: 1 | D12: 8 | E12: 0.026143791 | F12: 0.71568627 | G12: A.10 Compare and order rational numbers
A13: 9 | B13: Represent -> Constrain | C13: 2 | D13: 8 | E13: 0.026143791 | F13: 0.74183007 | G13: G.1 Model and solve equations using algebra tiles
A14: 10 | B14: Transform -> Represent | C14: 2 | D14: 8 | E14: 0.026143791 | F14: 0.76797386 | G14: J.10 Complete a function table from an equation
A15: 11 | B15: Represent -> Measure | C15: 2 | D15: 6 | E15: 0.019607843 | F15: 0.7875817 | G15: I.1 Interpret bar graphs, line graphs and histograms
A16: 12 | B16: Compare -> Measure | C16: 2 | D16: 5 | E16: 0.016339869 | F16: 0.80392157 | G16: Y.10 Area and perimeter of similar figures
... A46: 42 | B46: Compose -> Transform -> Represent | C46: 3 | D46: 1 | E46: 0.0032679739 | F46: 1 | G46: FF.10 Compositions of congruence transformations: graph the image
A48: Curriculum skills | B48: 306
A49: Distinct pipelines | B49: 42
A50: Primitives in vocabulary | B50: 10
A51: Mean pipeline length | B51: 1.3
A52: Median pipeline length | B52: 1
A53: Longest pipeline | B53: 3
A54: Skills needing ONE primitive (atomic) | B54: 222
A55: Skills needing a 2-step pipeline | B55: 75
A56: Skills needing a 3-step pipeline | B56: 9
A57: Skills covered by the top 12 pipelines | B57: 246

Sheet Type Check
A1: Falsification test - do the pipelines type-check?
A2: If primitives are real typed operations, every step's output must be a legal input to the next step. This test can fail. It did not.
A5: The rule being tested
A6: For each pipeline step N, the output type of step N must appear in the accepted-input set of step N+1. A single violation would mean at least one primitive is mis-defined.
A8: Result
A9: Pipelines checked: 306
A10: Type errors found: 0
A12: Two predictions the type system made BEFORE the data was examined
A13: 1. Verify returns Boolean. Nothing consumes a Boolean, so Verify must always be the LAST step. Observed: 17 uses, 17 of them final, 0 mid-pipeline. Prediction held.
A14: 2. Identify returns Category. Nothing downstream consumes a Category, so Identify must also be terminal. Observed: 35 uses, 35 of them final, 0 mid-pipeline. Prediction held.
A15: These were not enforced during classification. Each skill was classified on its own reasoning, then the pattern was measured afterwards. That is what makes it evidence rather than bookkeeping.
A17: Three input types were widened during the check, each for a stated reason
... A24: A pipeline requiring Verify or Identify to feed a later step, with no way to rewrite it. That would show the primitive returns something richer than a verdict or a label - meaning it is not one operation but several.

Sheet Category x Primitive
A1: Does each traditional category collapse onto a few primitives?
A2: Counts every appearance of a primitive at any pipeline step within each IXL category.
A4: IXL category | B4: Skills | C4: Identify | D4: Represent | E4: Transform | F4: Compare | G4: Compose | H4: Decompose | I4: Constrain | J4: Measure | K4: Generalize | L4: Verify | M4: Distinct primitives
A5: A. Numbers | B5: =COUNTIF('Classification Matrix'!$D$2:$D$307,"A") | C5: =COUNTIFS('Classification Matrix'!$D$2:$D$307,"A",'Classification Matrix'!$G$2:$G$307,C$4)+COUNTIFS('Classification Matrix'!$D$2:$D$307,"A",'Classification Matrix'!$H$2:$H$307,C$4)+COUNTIFS('Classification Matrix'!$D$2:$D$307,"A",'Classification Matrix'!$I$2:$I$307,C$4) | D5: =COUNTIFS('Classification Matrix'!$D$2:$D$307,"A",'Classification Matrix'!$G$2:$G$307,D$4)+COUNTIFS('Classification Matrix'!$D$2:$D$307,"A",'Classification Matrix'!$H$2:$H$307,D$4)+COUNTIFS('Classification Matrix'!$D$2:$D$307,"A",'Classification Matrix'!$I$2:$I$307,D$4) | E5: =COUNTIFS('Classification Matrix'!$D$2:$D$307,"A",'Classification Matrix'!$G$2:$G$307,E$4)+COUNTIFS('Classification Matrix'!$D$2:$D$307,"A",'Classification Matrix'!$H$2:$H$307,E$4)+COUNTIFS('Classification Matrix'!$D$2:$D$307,"A",'Classification Matrix'!$I$2:$I$307,E$4) | F5: =COUNTIFS('Classification Matrix'!$D$2:$D$307,"A",'Classification Matrix'!$G$2:$G$307,F$4)+COUNTIFS('Classification Matrix'!$D$2:$D$307,"A",'Classification Matrix'!$H$2:$H$307,F$4)+COUNTIFS('Classification Matrix'!$D$2:$D$307,"A",'Classification Matrix'!$I$2:$I$307,F$4) | G5: =COUNTIFS('Classification Matrix'!$D$2:$D$307,"A",'Classification Matrix'!$G$2:$G$307,G$4)+COUNTIFS('Classification Matrix'!$D$2:$D$307,"A",'Classification Matrix'!$H$2:$H$307,G$4)+COUNTIFS('Classification Matrix'!$D$2:$D$307,"A",'Classification Matrix'!$I$2:$I$307,G$4) | H5: =COUNTIFS('Classification Matrix'!$D$2:$D$307,"A",'Classification Matrix'!$G$2:$G$307,H$4)+COUNTIFS('Classification Matrix'!$D$2:$D$307,"A",'Classification Matrix'!$H$2:$H$307,H$4)+COUNTIFS('Classification Matrix'!$D$2:$D$307,"A",'Classification Matrix'!$I$2:$I$307,H$4) | I5: =COUNTIFS('Classification Matrix'!$D$2:$D$307,"A",'Classification Matrix'!$G$2:$G$307,I$4)+COUNTIFS('Classification Matrix'!$D$2:$D$307,"A",'Classification Matrix'!$H$2:$H$307,I$4)+COUNTIFS('Classification Matrix'!$D$2:$D$307,"A",'Classification Matrix'!$I$2:$I$307,I$4) | J5: =COUNTIFS('Classification Matrix'!$D$2:$D$307,"A",'Classification Matrix'!$G$2:$G$307,J$4)+COUNTIFS('Classification Matrix'!$D$2:$D$307,"A",'Classification Matrix'!$H$2:$H$307,J$4)+COUNTIFS('Classification Matrix'!$D$2:$D$307,"A",'Classification Matrix'!$I$2:$I$307,J$4) | ... L5: =COUNTIFS('Classification Matrix'!$D$2:$D$307,"A",'Classification Matrix'!$G$2:$G$307,L$4)+COUNTIFS('Classification Matrix'!$D$2:$D$307,"A",'Classification Matrix'!$H$2:$H$307,L$4)+COUNTIFS('Classification Matrix'!$D$2:$D$307,"A",'Classification Matrix'!$I$2:$I$307,L$4) | M5: =COUNTIF(C5:L5,">0")
A6: B. Exponents | B6: =COUNTIF('Classification Matrix'!$D$2:$D$307,"B") | C6: =COUNTIFS('Classification Matrix'!$D$2:$D$307,"B",'Classification Matrix'!$G$2:$G$307,C$4)+COUNTIFS('Classification Matrix'!$D$2:$D$307,"B",'Classification Matrix'!$H$2:$H$307,C$4)+COUNTIFS('Classification Matrix'!$D$2:$D$307,"B",'Classification Matrix'!$I$2:$I$307,C$4) | D6: =COUNTIFS('Classification Matrix'!$D$2:$D$307,"B",'Classification Matrix'!$G$2:$G$307,D$4)+COUNTIFS('Classification Matrix'!$D$2:$D$307,"B",'Classification Matrix'!$H$2:$H$307,D$4)+COUNTIFS('Classification Matrix'!$D$2:$D$307,"B",'Classification Matrix'!$I$2:$I$307,D$4) | E6: =COUNTIFS('Classification Matrix'!$D$2:$D$307,"B",'Classification Matrix'!$G$2:$G$307,E$4)+COUNTIFS('Classification Matrix'!$D$2:$D$307,"B",'Classification Matrix'!$H$2:$H$307,E$4)+COUNTIFS('Classification Matrix'!$D$2:$D$307,"B",'Classification Matrix'!$I$2:$I$307,E$4) | F6: =COUNTIFS('Classification Matrix'!$D$2:$D$307,"B",'Classification Matrix'!$G$2:$G$307,F$4)+COUNTIFS('Classification Matrix'!$D$2:$D$307,"B",'Classification Matrix'!$H$2:$H$307,F$4)+COUNTIFS('Classification Matrix'!$D$2:$D$307,"B",'Classification Matrix'!$I$2:$I$307,F$4) | G6: =COUNTIFS('Classification Matrix'!$D$2:$D$307,"B",'Classification Matrix'!$G$2:$G$307,G$4)+COUNTIFS('Classification Matrix'!$D$2:$D$307,"B",'Classification Matrix'!$H$2:$H$307,G$4)+COUNTIFS('Classification Matrix'!$D$2:$D$307,"B",'Classification Matrix'!$I$2:$I$307,G$4) | H6: =COUNTIFS('Classification Matrix'!$D$2:$D$307,"B",'Classification Matrix'!$G$2:$G$307,H$4)+COUNTIFS('Classification Matrix'!$D$2:$D$307,"B",'Classification Matrix'!$H$2:$H$307,H$4)+COUNTIFS('Classification Matrix'!$D$2:$D$307,"B",'Classification Matrix'!$I$2:$I$307,H$4) | I6: =COUNTIFS('Classification Matrix'!$D$2:$D$307,"B",'Classification Matrix'!$G$2:$G$307,I$4)+COUNTIFS('Classification Matrix'!$D$2:$D$307,"B",'Classification Matrix'!$H$2:$H$307,I$4)+COUNTIFS('Classification Matrix'!$D$2:$D$307,"B",'Classification Matrix'!$I$2:$I$307,I$4) | J6: =COUNTIFS('Classification Matrix'!$D$2:$D$307,"B",'Classification Matrix'!$G$2:$G$307,J$4)+COUNTIFS('Classification Matrix'!$D$2:$D$307,"B",'Classification Matrix'!$H$2:$H$307,J$4)+COUNTIFS('Classification Matrix'!$D$2:$D$307,"B",'Classification Matrix'!$I$2:$I$307,J$4) | ... L6: =COUNTIFS('Classification Matrix'!$D$2:$D$307,"B",'Classification Matrix'!$G$2:$G$307,L$4)+COUNTIFS('Classification Matrix'!$D$2:$D$307,"B",'Classification Matrix'!$H$2:$H$307,L$4)+COUNTIFS('Classification Matrix'!$D$2:$D$307,"B",'Classification Matrix'!$I$2:$I$307,L$4) | M6: =COUNTIF(C6:L6,">0")
A7: C. Scientific notation | B7: =COUNTIF('Classification Matrix'!$D$2:$D$307,"C") | C7: =COUNTIFS('Classification Matrix'!$D$2:$D$307,"C",'Classification Matrix'!$G$2:$G$307,C$4)+COUNTIFS('Classification Matrix'!$D$2:$D$307,"C",'Classification Matrix'!$H$2:$H$307,C$4)+COUNTIFS('Classification Matrix'!$D$2:$D$307,"C",'Classification Matrix'!$I$2:$I$307,C$4) | D7: =COUNTIFS('Classification Matrix'!$D$2:$D$307,"C",'Classification Matrix'!$G$2:$G$307,D$4)+COUNTIFS('Classification Matrix'!$D$2:$D$307,"C",'Classification Matrix'!$H$2:$H$307,D$4)+COUNTIFS('Classification Matrix'!$D$2:$D$307,"C",'Classification Matrix'!$I$2:$I$307,D$4) | E7: =COUNTIFS('Classification Matrix'!$D$2:$D$307,"C",'Classification Matrix'!$G$2:$G$307,E$4)+COUNTIFS('Classification Matrix'!$D$2:$D$307,"C",'Classification Matrix'!$H$2:$H$307,E$4)+COUNTIFS('Classification Matrix'!$D$2:$D$307,"C",'Classification Matrix'!$I$2:$I$307,E$4) | F7: =COUNTIFS('Classification Matrix'!$D$2:$D$307,"C",'Classification Matrix'!$G$2:$G$307,F$4)+COUNTIFS('Classification Matrix'!$D$2:$D$307,"C",'Classification Matrix'!$H$2:$H$307,F$4)+COUNTIFS('Classification Matrix'!$D$2:$D$307,"C",'Classification Matrix'!$I$2:$I$307,F$4) | G7: =COUNTIFS('Classification Matrix'!$D$2:$D$307,"C",'Classification Matrix'!$G$2:$G$307,G$4)+COUNTIFS('Classification Matrix'!$D$2:$D$307,"C",'Classification Matrix'!$H$2:$H$307,G$4)+COUNTIFS('Classification Matrix'!$D$2:$D$307,"C",'Classification Matrix'!$I$2:$I$307,G$4) | H7: =COUNTIFS('Classification Matrix'!$D$2:$D$307,"C",'Classification Matrix'!$G$2:$G$307,H$4)+COUNTIFS('Classification Matrix'!$D$2:$D$307,"C",'Classification Matrix'!$H$2:$H$307,H$4)+COUNTIFS('Classification Matrix'!$D$2:$D$307,"C",'Classification Matrix'!$I$2:$I$307,H$4) | I7: =COUNTIFS('Classification Matrix'!$D$2:$D$307,"C",'Classification Matrix'!$G$2:$G$307,I$4)+COUNTIFS('Classification Matrix'!$D$2:$D$307,"C",'Classification Matrix'!$H$2:$H$307,I$4)+COUNTIFS('Classification Matrix'!$D$2:$D$307,"C",'Classification Matrix'!$I$2:$I$307,I$4) | J7: =COUNTIFS('Classification Matrix'!$D$2:$D$307,"C",'Classification Matrix'!$G$2:$G$307,J$4)+COUNTIFS('Classification Matrix'!$D$2:$D$307,"C",'Classification Matrix'!$H$2:$H$307,J$4)+COUNTIFS('Classification Matrix'!$D$2:$D$307,"C",'Classification Matrix'!$I$2:$I$307,J$4) | ... L7: =COUNTIFS('Classification Matrix'!$D$2:$D$307,"C",'Classification Matrix'!$G$2:$G$307,L$4)+COUNTIFS('Classification Matrix'!$D$2:$D$307,"C",'Classification Matrix'!$H$2:$H$307,L$4)+COUNTIFS('Classification Matrix'!$D$2:$D$307,"C",'Classification Matrix'!$I$2:$I$307,L$4) | M7: =COUNTIF(C7:L7,">0")
A8: D. Radical expressions | B8: =COUNTIF('Classification Matrix'!$D$2:$D$307,"D") | C8: =COUNTIFS('Classification Matrix'!$D$2:$D$307,"D",'Classification Matrix'!$G$2:$G$307,C$4)+COUNTIFS('Classification Matrix'!$D$2:$D$307,"D",'Classification Matrix'!$H$2:$H$307,C$4)+COUNTIFS('Classification Matrix'!$D$2:$D$307,"D",'Classification Matrix'!$I$2:$I$307,C$4) | D8: =COUNTIFS('Classification Matrix'!$D$2:$D$307,"D",'Classification Matrix'!$G$2:$G$307,D$4)+COUNTIFS('Classification Matrix'!$D$2:$D$307,"D",'Classification Matrix'!$H$2:$H$307,D$4)+COUNTIFS('Classification Matrix'!$D$2:$D$307,"D",'Classification Matrix'!$I$2:$I$307,D$4) | E8: =COUNTIFS('Classification Matrix'!$D$2:$D$307,"D",'Classification Matrix'!$G$2:$G$307,E$4)+COUNTIFS('Classification Matrix'!$D$2:$D$307,"D",'Classification Matrix'!$H$2:$H$307,E$4)+COUNTIFS('Classification Matrix'!$D$2:$D$307,"D",'Classification Matrix'!$I$2:$I$307,E$4) | F8: =COUNTIFS('Classification Matrix'!$D$2:$D$307,"D",'Classification Matrix'!$G$2:$G$307,F$4)+COUNTIFS('Classification Matrix'!$D$2:$D$307,"D",'Classification Matrix'!$H$2:$H$307,F$4)+COUNTIFS('Classification Matrix'!$D$2:$D$307,"D",'Classification Matrix'!$I$2:$I$307,F$4) | G8: =COUNTIFS('Classification Matrix'!$D$2:$D$307,"D",'Classification Matrix'!$G$2:$G$307,G$4)+COUNTIFS('Classification Matrix'!$D$2:$D$307,"D",'Classification Matrix'!$H$2:$H$307,G$4)+COUNTIFS('Classification Matrix'!$D$2:$D$307,"D",'Classification Matrix'!$I$2:$I$307,G$4) | H8: =COUNTIFS('Classification Matrix'!$D$2:$D$307,"D",'Classification Matrix'!$G$2:$G$307,H$4)+COUNTIFS('Classification Matrix'!$D$2:$D$307,"D",'Classification Matrix'!$H$2:$H$307,H$4)+COUNTIFS('Classification Matrix'!$D$2:$D$307,"D",'Classification Matrix'!$I$2:$I$307,H$4) | I8: =COUNTIFS('Classification Matrix'!$D$2:$D$307,"D",'Classification Matrix'!$G$2:$G$307,I$4)+COUNTIFS('Classification Matrix'!$D$2:$D$307,"D",'Classification Matrix'!$H$2:$H$307,I$4)+COUNTIFS('Classification Matrix'!$D$2:$D$307,"D",'Classification Matrix'!$I$2:$I$307,I$4) | J8: =COUNTIFS('Classification Matrix'!$D$2:$D$307,"D",'Classification Matrix'!$G$2:$G$307,J$4)+COUNTIFS('Classification Matrix'!$D$2:$D$307,"D",'Classification Matrix'!$H$2:$H$307,J$4)+COUNTIFS('Classification Matrix'!$D$2:$D$307,"D",'Classification Matrix'!$I$2:$I$307,J$4) | ... L8: =COUNTIFS('Classification Matrix'!$D$2:$D$307,"D",'Classification Matrix'!$G$2:$G$307,L$4)+COUNTIFS('Classification Matrix'!$D$2:$D$307,"D",'Classification Matrix'!$H$2:$H$307,L$4)+COUNTIFS('Classification Matrix'!$D$2:$D$307,"D",'Classification Matrix'!$I$2:$I$307,L$4) | M8: =COUNTIF(C8:L8,">0")
A9: E. Rational exponents | B9: =COUNTIF('Classification Matrix'!$D$2:$D$307,"E") | C9: =COUNTIFS('Classification Matrix'!$D$2:$D$307,"E",'Classification Matrix'!$G$2:$G$307,C$4)+COUNTIFS('Classification Matrix'!$D$2:$D$307,"E",'Classification Matrix'!$H$2:$H$307,C$4)+COUNTIFS('Classification Matrix'!$D$2:$D$307,"E",'Classification Matrix'!$I$2:$I$307,C$4) | D9: =COUNTIFS('Classification Matrix'!$D$2:$D$307,"E",'Classification Matrix'!$G$2:$G$307,D$4)+COUNTIFS('Classification Matrix'!$D$2:$D$307,"E",'Classification Matrix'!$H$2:$H$307,D$4)+COUNTIFS('Classification Matrix'!$D$2:$D$307,"E",'Classification Matrix'!$I$2:$I$307,D$4) | E9: =COUNTIFS('Classification Matrix'!$D$2:$D$307,"E",'Classification Matrix'!$G$2:$G$307,E$4)+COUNTIFS('Classification Matrix'!$D$2:$D$307,"E",'Classification Matrix'!$H$2:$H$307,E$4)+COUNTIFS('Classification Matrix'!$D$2:$D$307,"E",'Classification Matrix'!$I$2:$I$307,E$4) | F9: =COUNTIFS('Classification Matrix'!$D$2:$D$307,"E",'Classification Matrix'!$G$2:$G$307,F$4)+COUNTIFS('Classification Matrix'!$D$2:$D$307,"E",'Classification Matrix'!$H$2:$H$307,F$4)+COUNTIFS('Classification Matrix'!$D$2:$D$307,"E",'Classification Matrix'!$I$2:$I$307,F$4) | G9: =COUNTIFS('Classification Matrix'!$D$2:$D$307,"E",'Classification Matrix'!$G$2:$G$307,G$4)+COUNTIFS('Classification Matrix'!$D$2:$D$307,"E",'Classification Matrix'!$H$2:$H$307,G$4)+COUNTIFS('Classification Matrix'!$D$2:$D$307,"E",'Classification Matrix'!$I$2:$I$307,G$4) | H9: =COUNTIFS('Classification Matrix'!$D$2:$D$307,"E",'Classification Matrix'!$G$2:$G$307,H$4)+COUNTIFS('Classification Matrix'!$D$2:$D$307,"E",'Classification Matrix'!$H$2:$H$307,H$4)+COUNTIFS('Classification Matrix'!$D$2:$D$307,"E",'Classification Matrix'!$I$2:$I$307,H$4) | I9: =COUNTIFS('Classification Matrix'!$D$2:$D$307,"E",'Classification Matrix'!$G$2:$G$307,I$4)+COUNTIFS('Classification Matrix'!$D$2:$D$307,"E",'Classification Matrix'!$H$2:$H$307,I$4)+COUNTIFS('Classification Matrix'!$D$2:$D$307,"E",'Classification Matrix'!$I$2:$I$307,I$4) | J9: =COUNTIFS('Classification Matrix'!$D$2:$D$307,"E",'Classification Matrix'!$G$2:$G$307,J$4)+COUNTIFS('Classification Matrix'!$D$2:$D$307,"E",'Classification Matrix'!$H$2:$H$307,J$4)+COUNTIFS('Classification Matrix'!$D$2:$D$307,"E",'Classification Matrix'!$I$2:$I$307,J$4) | ... L9: =COUNTIFS('Classification Matrix'!$D$2:$D$307,"E",'Classification Matrix'!$G$2:$G$307,L$4)+COUNTIFS('Classification Matrix'!$D$2:$D$307,"E",'Classification Matrix'!$H$2:$H$307,L$4)+COUNTIFS('Classification Matrix'!$D$2:$D$307,"E",'Classification Matrix'!$I$2:$I$307,L$4) | M9: =COUNTIF(C9:L9,">0")
A10: F. Coordinate plane | B10: =COUNTIF('Classification Matrix'!$D$2:$D$307,"F") | C10: =COUNTIFS('Classification Matrix'!$D$2:$D$307,"F",'Classification Matrix'!$G$2:$G$307,C$4)+COUNTIFS('Classification Matrix'!$D$2:$D$307,"F",'Classification Matrix'!$H$2:$H$307,C$4)+COUNTIFS('Classification Matrix'!$D$2:$D$307,"F",'Classification Matrix'!$I$2:$I$307,C$4) | D10: =COUNTIFS('Classification Matrix'!$D$2:$D$307,"F",'Classification Matrix'!$G$2:$G$307,D$4)+COUNTIFS('Classification Matrix'!$D$2:$D$307,"F",'Classification Matrix'!$H$2:$H$307,D$4)+COUNTIFS('Classification Matrix'!$D$2:$D$307,"F",'Classification Matrix'!$I$2:$I$307,D$4) | E10: =COUNTIFS('Classification Matrix'!$D$2:$D$307,"F",'Classification Matrix'!$G$2:$G$307,E$4)+COUNTIFS('Classification Matrix'!$D$2:$D$307,"F",'Classification Matrix'!$H$2:$H$307,E$4)+COUNTIFS('Classification Matrix'!$D$2:$D$307,"F",'Classification Matrix'!$I$2:$I$307,E$4) | F10: =COUNTIFS('Classification Matrix'!$D$2:$D$307,"F",'Classification Matrix'!$G$2:$G$307,F$4)+COUNTIFS('Classification Matrix'!$D$2:$D$307,"F",'Classification Matrix'!$H$2:$H$307,F$4)+COUNTIFS('Classification Matrix'!$D$2:$D$307,"F",'Classification Matrix'!$I$2:$I$307,F$4) | G10: =COUNTIFS('Classification Matrix'!$D$2:$D$307,"F",'Classification Matrix'!$G$2:$G$307,G$4)+COUNTIFS('Classification Matrix'!$D$2:$D$307,"F",'Classification Matrix'!$H$2:$H$307,G$4)+COUNTIFS('Classification Matrix'!$D$2:$D$307,"F",'Classification Matrix'!$I$2:$I$307,G$4) | H10: =COUNTIFS('Classification Matrix'!$D$2:$D$307,"F",'Classification Matrix'!$G$2:$G$307,H$4)+COUNTIFS('Classification Matrix'!$D$2:$D$307,"F",'Classification Matrix'!$H$2:$H$307,H$4)+COUNTIFS('Classification Matrix'!$D$2:$D$307,"F",'Classification Matrix'!$I$2:$I$307,H$4) | I10: =COUNTIFS('Classification Matrix'!$D$2:$D$307,"F",'Classification Matrix'!$G$2:$G$307,I$4)+COUNTIFS('Classification Matrix'!$D$2:$D$307,"F",'Classification Matrix'!$H$2:$H$307,I$4)+COUNTIFS('Classification Matrix'!$D$2:$D$307,"F",'Classification Matrix'!$I$2:$I$307,I$4) | J10: =COUNTIFS('Classification Matrix'!$D$2:$D$307,"F",'Classification Matrix'!$G$2:$G$307,J$4)+COUNTIFS('Classification Matrix'!$D$2:$D$307,"F",'Classification Matrix'!$H$2:$H$307,J$4)+COUNTIFS('Classification Matrix'!$D$2:$D$307,"F",'Classification Matrix'!$I$2:$I$307,J$4) | ... L10: =COUNTIFS('Classification Matrix'!$D$2:$D$307,"F",'Classification Matrix'!$G$2:$G$307,L$4)+COUNTIFS('Classification Matrix'!$D$2:$D$307,"F",'Classification Matrix'!$H$2:$H$307,L$4)+COUNTIFS('Classification Matrix'!$D$2:$D$307,"F",'Classification Matrix'!$I$2:$I$307,L$4) | M10: =COUNTIF(C10:L10,">0")
A11: G. Solve equations | B11: =COUNTIF('Classification Matrix'!$D$2:$D$307,"G") | C11: =COUNTIFS('Classification Matrix'!$D$2:$D$307,"G",'Classification Matrix'!$G$2:$G$307,C$4)+COUNTIFS('Classification Matrix'!$D$2:$D$307,"G",'Classification Matrix'!$H$2:$H$307,C$4)+COUNTIFS('Classification Matrix'!$D$2:$D$307,"G",'Classification Matrix'!$I$2:$I$307,C$4) | D11: =COUNTIFS('Classification Matrix'!$D$2:$D$307,"G",'Classification Matrix'!$G$2:$G$307,D$4)+COUNTIFS('Classification Matrix'!$D$2:$D$307,"G",'Classification Matrix'!$H$2:$H$307,D$4)+COUNTIFS('Classification Matrix'!$D$2:$D$307,"G",'Classification Matrix'!$I$2:$I$307,D$4) | E11: =COUNTIFS('Classification Matrix'!$D$2:$D$307,"G",'Classification Matrix'!$G$2:$G$307,E$4)+COUNTIFS('Classification Matrix'!$D$2:$D$307,"G",'Classification Matrix'!$H$2:$H$307,E$4)+COUNTIFS('Classification Matrix'!$D$2:$D$307,"G",'Classification Matrix'!$I$2:$I$307,E$4) | F11: =COUNTIFS('Classification Matrix'!$D$2:$D$307,"G",'Classification Matrix'!$G$2:$G$307,F$4)+COUNTIFS('Classification Matrix'!$D$2:$D$307,"G",'Classification Matrix'!$H$2:$H$307,F$4)+COUNTIFS('Classification Matrix'!$D$2:$D$307,"G",'Classification Matrix'!$I$2:$I$307,F$4) | G11: =COUNTIFS('Classification Matrix'!$D$2:$D$307,"G",'Classification Matrix'!$G$2:$G$307,G$4)+COUNTIFS('Classification Matrix'!$D$2:$D$307,"G",'Classification Matrix'!$H$2:$H$307,G$4)+COUNTIFS('Classification Matrix'!$D$2:$D$307,"G",'Classification Matrix'!$I$2:$I$307,G$4) | H11: =COUNTIFS('Classification Matrix'!$D$2:$D$307,"G",'Classification Matrix'!$G$2:$G$307,H$4)+COUNTIFS('Classification Matrix'!$D$2:$D$307,"G",'Classification Matrix'!$H$2:$H$307,H$4)+COUNTIFS('Classification Matrix'!$D$2:$D$307,"G",'Classification Matrix'!$I$2:$I$307,H$4) | I11: =COUNTIFS('Classification Matrix'!$D$2:$D$307,"G",'Classification Matrix'!$G$2:$G$307,I$4)+COUNTIFS('Classification Matrix'!$D$2:$D$307,"G",'Classification Matrix'!$H$2:$H$307,I$4)+COUNTIFS('Classification Matrix'!$D$2:$D$307,"G",'Classification Matrix'!$I$2:$I$307,I$4) | J11: =COUNTIFS('Classification Matrix'!$D$2:$D$307,"G",'Classification Matrix'!$G$2:$G$307,J$4)+COUNTIFS('Classification Matrix'!$D$2:$D$307,"G",'Classification Matrix'!$H$2:$H$307,J$4)+COUNTIFS('Classification Matrix'!$D$2:$D$307,"G",'Classification Matrix'!$I$2:$I$307,J$4) | ... L11: =COUNTIFS('Classification Matrix'!$D$2:$D$307,"G",'Classification Matrix'!$G$2:$G$307,L$4)+COUNTIFS('Classification Matrix'!$D$2:$D$307,"G",'Classification Matrix'!$H$2:$H$307,L$4)+COUNTIFS('Classification Matrix'!$D$2:$D$307,"G",'Classification Matrix'!$I$2:$I$307,L$4) | M11: =COUNTIF(C11:L11,">0")
A12: H. Single-variable inequalities | B12: =COUNTIF('Classification Matrix'!$D$2:$D$307,"H") | C12: =COUNTIFS('Classification Matrix'!$D$2:$D$307,"H",'Classification Matrix'!$G$2:$G$307,C$4)+COUNTIFS('Classification Matrix'!$D$2:$D$307,"H",'Classification Matrix'!$H$2:$H$307,C$4)+COUNTIFS('Classification Matrix'!$D$2:$D$307,"H",'Classification Matrix'!$I$2:$I$307,C$4) | D12: =COUNTIFS('Classification Matrix'!$D$2:$D$307,"H",'Classification Matrix'!$G$2:$G$307,D$4)+COUNTIFS('Classification Matrix'!$D$2:$D$307,"H",'Classification Matrix'!$H$2:$H$307,D$4)+COUNTIFS('Classification Matrix'!$D$2:$D$307,"H",'Classification Matrix'!$I$2:$I$307,D$4) | E12: =COUNTIFS('Classification Matrix'!$D$2:$D$307,"H",'Classification Matrix'!$G$2:$G$307,E$4)+COUNTIFS('Classification Matrix'!$D$2:$D$307,"H",'Classification Matrix'!$H$2:$H$307,E$4)+COUNTIFS('Classification Matrix'!$D$2:$D$307,"H",'Classification Matrix'!$I$2:$I$307,E$4) | F12: =COUNTIFS('Classification Matrix'!$D$2:$D$307,"H",'Classification Matrix'!$G$2:$G$307,F$4)+COUNTIFS('Classification Matrix'!$D$2:$D$307,"H",'Classification Matrix'!$H$2:$H$307,F$4)+COUNTIFS('Classification Matrix'!$D$2:$D$307,"H",'Classification Matrix'!$I$2:$I$307,F$4) | G12: =COUNTIFS('Classification Matrix'!$D$2:$D$307,"H",'Classification Matrix'!$G$2:$G$307,G$4)+COUNTIFS('Classification Matrix'!$D$2:$D$307,"H",'Classification Matrix'!$H$2:$H$307,G$4)+COUNTIFS('Classification Matrix'!$D$2:$D$307,"H",'Classification Matrix'!$I$2:$I$307,G$4) | H12: =COUNTIFS('Classification Matrix'!$D$2:$D$307,"H",'Classification Matrix'!$G$2:$G$307,H$4)+COUNTIFS('Classification Matrix'!$D$2:$D$307,"H",'Classification Matrix'!$H$2:$H$307,H$4)+COUNTIFS('Classification Matrix'!$D$2:$D$307,"H",'Classification Matrix'!$I$2:$I$307,H$4) | I12: =COUNTIFS('Classification Matrix'!$D$2:$D$307,"H",'Classification Matrix'!$G$2:$G$307,I$4)+COUNTIFS('Classification Matrix'!$D$2:$D$307,"H",'Classification Matrix'!$H$2:$H$307,I$4)+COUNTIFS('Classification Matrix'!$D$2:$D$307,"H",'Classification Matrix'!$I$2:$I$307,I$4) | J12: =COUNTIFS('Classification Matrix'!$D$2:$D$307,"H",'Classification Matrix'!$G$2:$G$307,J$4)+COUNTIFS('Classification Matrix'!$D$2:$D$307,"H",'Classification Matrix'!$H$2:$H$307,J$4)+COUNTIFS('Classification Matrix'!$D$2:$D$307,"H",'Classification Matrix'!$I$2:$I$307,J$4) | ... L12: =COUNTIFS('Classification Matrix'!$D$2:$D$307,"H",'Classification Matrix'!$G$2:$G$307,L$4)+COUNTIFS('Classification Matrix'!$D$2:$D$307,"H",'Classification Matrix'!$H$2:$H$307,L$4)+COUNTIFS('Classification Matrix'!$D$2:$D$307,"H",'Classification Matrix'!$I$2:$I$307,L$4) | M12: =COUNTIF(C12:L12,">0")
A13: I. Data and graphs | B13: =COUNTIF('Classification Matrix'!$D$2:$D$307,"I") | C13: =COUNTIFS('Classification Matrix'!$D$2:$D$307,"I",'Classification Matrix'!$G$2:$G$307,C$4)+COUNTIFS('Classification Matrix'!$D$2:$D$307,"I",'Classification Matrix'!$H$2:$H$307,C$4)+COUNTIFS('Classification Matrix'!$D$2:$D$307,"I",'Classification Matrix'!$I$2:$I$307,C$4) | D13: =COUNTIFS('Classification Matrix'!$D$2:$D$307,"I",'Classification Matrix'!$G$2:$G$307,D$4)+COUNTIFS('Classification Matrix'!$D$2:$D$307,"I",'Classification Matrix'!$H$2:$H$307,D$4)+COUNTIFS('Classification Matrix'!$D$2:$D$307,"I",'Classification Matrix'!$I$2:$I$307,D$4) | E13: =COUNTIFS('Classification Matrix'!$D$2:$D$307,"I",'Classification Matrix'!$G$2:$G$307,E$4)+COUNTIFS('Classification Matrix'!$D$2:$D$307,"I",'Classification Matrix'!$H$2:$H$307,E$4)+COUNTIFS('Classification Matrix'!$D$2:$D$307,"I",'Classification Matrix'!$I$2:$I$307,E$4) | F13: =COUNTIFS('Classification Matrix'!$D$2:$D$307,"I",'Classification Matrix'!$G$2:$G$307,F$4)+COUNTIFS('Classification Matrix'!$D$2:$D$307,"I",'Classification Matrix'!$H$2:$H$307,F$4)+COUNTIFS('Classification Matrix'!$D$2:$D$307,"I",'Classification Matrix'!$I$2:$I$307,F$4) | G13: =COUNTIFS('Classification Matrix'!$D$2:$D$307,"I",'Classification Matrix'!$G$2:$G$307,G$4)+COUNTIFS('Classification Matrix'!$D$2:$D$307,"I",'Classification Matrix'!$H$2:$H$307,G$4)+COUNTIFS('Classification Matrix'!$D$2:$D$307,"I",'Classification Matrix'!$I$2:$I$307,G$4) | H13: =COUNTIFS('Classification Matrix'!$D$2:$D$307,"I",'Classification Matrix'!$G$2:$G$307,H$4)+COUNTIFS('Classification Matrix'!$D$2:$D$307,"I",'Classification Matrix'!$H$2:$H$307,H$4)+COUNTIFS('Classification Matrix'!$D$2:$D$307,"I",'Classification Matrix'!$I$2:$I$307,H$4) | I13: =COUNTIFS('Classification Matrix'!$D$2:$D$307,"I",'Classification Matrix'!$G$2:$G$307,I$4)+COUNTIFS('Classification Matrix'!$D$2:$D$307,"I",'Classification Matrix'!$H$2:$H$307,I$4)+COUNTIFS('Classification Matrix'!$D$2:$D$307,"I",'Classification Matrix'!$I$2:$I$307,I$4) | J13: =COUNTIFS('Classification Matrix'!$D$2:$D$307,"I",'Classification Matrix'!$G$2:$G$307,J$4)+COUNTIFS('Classification Matrix'!$D$2:$D$307,"I",'Classification Matrix'!$H$2:$H$307,J$4)+COUNTIFS('Classification Matrix'!$D$2:$D$307,"I",'Classification Matrix'!$I$2:$I$307,J$4) | ... L13: =COUNTIFS('Classification Matrix'!$D$2:$D$307,"I",'Classification Matrix'!$G$2:$G$307,L$4)+COUNTIFS('Classification Matrix'!$D$2:$D$307,"I",'Classification Matrix'!$H$2:$H$307,L$4)+COUNTIFS('Classification Matrix'!$D$2:$D$307,"I",'Classification Matrix'!$I$2:$I$307,L$4) | M13: =COUNTIF(C13:L13,">0")
A14: J. Relations and functions | B14: =COUNTIF('Classification Matrix'!$D$2:$D$307,"J") | C14: =COUNTIFS('Classification Matrix'!$D$2:$D$307,"J",'Classification Matrix'!$G$2:$G$307,C$4)+COUNTIFS('Classification Matrix'!$D$2:$D$307,"J",'Classification Matrix'!$H$2:$H$307,C$4)+COUNTIFS('Classification Matrix'!$D$2:$D$307,"J",'Classification Matrix'!$I$2:$I$307,C$4) | D14: =COUNTIFS('Classification Matrix'!$D$2:$D$307,"J",'Classification Matrix'!$G$2:$G$307,D$4)+COUNTIFS('Classification Matrix'!$D$2:$D$307,"J",'Classification Matrix'!$H$2:$H$307,D$4)+COUNTIFS('Classification Matrix'!$D$2:$D$307,"J",'Classification Matrix'!$I$2:$I$307,D$4) | E14: =COUNTIFS('Classification Matrix'!$D$2:$D$307,"J",'Classification Matrix'!$G$2:$G$307,E$4)+COUNTIFS('Classification Matrix'!$D$2:$D$307,"J",'Classification Matrix'!$H$2:$H$307,E$4)+COUNTIFS('Classification Matrix'!$D$2:$D$307,"J",'Classification Matrix'!$I$2:$I$307,E$4) | F14: =COUNTIFS('Classification Matrix'!$D$2:$D$307,"J",'Classification Matrix'!$G$2:$G$307,F$4)+COUNTIFS('Classification Matrix'!$D$2:$D$307,"J",'Classification Matrix'!$H$2:$H$307,F$4)+COUNTIFS('Classification Matrix'!$D$2:$D$307,"J",'Classification Matrix'!$I$2:$I$307,F$4) | G14: =COUNTIFS('Classification Matrix'!$D$2:$D$307,"J",'Classification Matrix'!$G$2:$G$307,G$4)+COUNTIFS('Classification Matrix'!$D$2:$D$307,"J",'Classification Matrix'!$H$2:$H$307,G$4)+COUNTIFS('Classification Matrix'!$D$2:$D$307,"J",'Classification Matrix'!$I$2:$I$307,G$4) | H14: =COUNTIFS('Classification Matrix'!$D$2:$D$307,"J",'Classification Matrix'!$G$2:$G$307,H$4)+COUNTIFS('Classification Matrix'!$D$2:$D$307,"J",'Classification Matrix'!$H$2:$H$307,H$4)+COUNTIFS('Classification Matrix'!$D$2:$D$307,"J",'Classification Matrix'!$I$2:$I$307,H$4) | I14: =COUNTIFS('Classification Matrix'!$D$2:$D$307,"J",'Classification Matrix'!$G$2:$G$307,I$4)+COUNTIFS('Classification Matrix'!$D$2:$D$307,"J",'Classification Matrix'!$H$2:$H$307,I$4)+COUNTIFS('Classification Matrix'!$D$2:$D$307,"J",'Classification Matrix'!$I$2:$I$307,I$4) | J14: =COUNTIFS('Classification Matrix'!$D$2:$D$307,"J",'Classification Matrix'!$G$2:$G$307,J$4)+COUNTIFS('Classification Matrix'!$D$2:$D$307,"J",'Classification Matrix'!$H$2:$H$307,J$4)+COUNTIFS('Classification Matrix'!$D$2:$D$307,"J",'Classification Matrix'!$I$2:$I$307,J$4) | ... L14: =COUNTIFS('Classification Matrix'!$D$2:$D$307,"J",'Classification Matrix'!$G$2:$G$307,L$4)+COUNTIFS('Classification Matrix'!$D$2:$D$307,"J",'Classification Matrix'!$H$2:$H$307,L$4)+COUNTIFS('Classification Matrix'!$D$2:$D$307,"J",'Classification Matrix'!$I$2:$I$307,L$4) | M14: =COUNTIF(C14:L14,">0")
A15: K. Direct and inverse variation | B15: =COUNTIF('Classification Matrix'!$D$2:$D$307,"K") | C15: =COUNTIFS('Classification Matrix'!$D$2:$D$307,"K",'Classification Matrix'!$G$2:$G$307,C$4)+COUNTIFS('Classification Matrix'!$D$2:$D$307,"K",'Classification Matrix'!$H$2:$H$307,C$4)+COUNTIFS('Classification Matrix'!$D$2:$D$307,"K",'Classification Matrix'!$I$2:$I$307,C$4) | D15: =COUNTIFS('Classification Matrix'!$D$2:$D$307,"K",'Classification Matrix'!$G$2:$G$307,D$4)+COUNTIFS('Classification Matrix'!$D$2:$D$307,"K",'Classification Matrix'!$H$2:$H$307,D$4)+COUNTIFS('Classification Matrix'!$D$2:$D$307,"K",'Classification Matrix'!$I$2:$I$307,D$4) | E15: =COUNTIFS('Classification Matrix'!$D$2:$D$307,"K",'Classification Matrix'!$G$2:$G$307,E$4)+COUNTIFS('Classification Matrix'!$D$2:$D$307,"K",'Classification Matrix'!$H$2:$H$307,E$4)+COUNTIFS('Classification Matrix'!$D$2:$D$307,"K",'Classification Matrix'!$I$2:$I$307,E$4) | F15: =COUNTIFS('Classification Matrix'!$D$2:$D$307,"K",'Classification Matrix'!$G$2:$G$307,F$4)+COUNTIFS('Classification Matrix'!$D$2:$D$307,"K",'Classification Matrix'!$H$2:$H$307,F$4)+COUNTIFS('Classification Matrix'!$D$2:$D$307,"K",'Classification Matrix'!$I$2:$I$307,F$4) | G15: =COUNTIFS('Classification Matrix'!$D$2:$D$307,"K",'Classification Matrix'!$G$2:$G$307,G$4)+COUNTIFS('Classification Matrix'!$D$2:$D$307,"K",'Classification Matrix'!$H$2:$H$307,G$4)+COUNTIFS('Classification Matrix'!$D$2:$D$307,"K",'Classification Matrix'!$I$2:$I$307,G$4) | H15: =COUNTIFS('Classification Matrix'!$D$2:$D$307,"K",'Classification Matrix'!$G$2:$G$307,H$4)+COUNTIFS('Classification Matrix'!$D$2:$D$307,"K",'Classification Matrix'!$H$2:$H$307,H$4)+COUNTIFS('Classification Matrix'!$D$2:$D$307,"K",'Classification Matrix'!$I$2:$I$307,H$4) | I15: =COUNTIFS('Classification Matrix'!$D$2:$D$307,"K",'Classification Matrix'!$G$2:$G$307,I$4)+COUNTIFS('Classification Matrix'!$D$2:$D$307,"K",'Classification Matrix'!$H$2:$H$307,I$4)+COUNTIFS('Classification Matrix'!$D$2:$D$307,"K",'Classification Matrix'!$I$2:$I$307,I$4) | J15: =COUNTIFS('Classification Matrix'!$D$2:$D$307,"K",'Classification Matrix'!$G$2:$G$307,J$4)+COUNTIFS('Classification Matrix'!$D$2:$D$307,"K",'Classification Matrix'!$H$2:$H$307,J$4)+COUNTIFS('Classification Matrix'!$D$2:$D$307,"K",'Classification Matrix'!$I$2:$I$307,J$4) | ... L15: =COUNTIFS('Classification Matrix'!$D$2:$D$307,"K",'Classification Matrix'!$G$2:$G$307,L$4)+COUNTIFS('Classification Matrix'!$D$2:$D$307,"K",'Classification Matrix'!$H$2:$H$307,L$4)+COUNTIFS('Classification Matrix'!$D$2:$D$307,"K",'Classification Matrix'!$I$2:$I$307,L$4) | M15: =COUNTIF(C15:L15,">0")
A16: L. Linear functions | B16: =COUNTIF('Classification Matrix'!$D$2:$D$307,"L") | C16: =COUNTIFS('Classification Matrix'!$D$2:$D$307,"L",'Classification Matrix'!$G$2:$G$307,C$4)+COUNTIFS('Classification Matrix'!$D$2:$D$307,"L",'Classification Matrix'!$H$2:$H$307,C$4)+COUNTIFS('Classification Matrix'!$D$2:$D$307,"L",'Classification Matrix'!$I$2:$I$307,C$4) | D16: =COUNTIFS('Classification Matrix'!$D$2:$D$307,"L",'Classification Matrix'!$G$2:$G$307,D$4)+COUNTIFS('Classification Matrix'!$D$2:$D$307,"L",'Classification Matrix'!$H$2:$H$307,D$4)+COUNTIFS('Classification Matrix'!$D$2:$D$307,"L",'Classification Matrix'!$I$2:$I$307,D$4) | E16: =COUNTIFS('Classification Matrix'!$D$2:$D$307,"L",'Classification Matrix'!$G$2:$G$307,E$4)+COUNTIFS('Classification Matrix'!$D$2:$D$307,"L",'Classification Matrix'!$H$2:$H$307,E$4)+COUNTIFS('Classification Matrix'!$D$2:$D$307,"L",'Classification Matrix'!$I$2:$I$307,E$4) | F16: =COUNTIFS('Classification Matrix'!$D$2:$D$307,"L",'Classification Matrix'!$G$2:$G$307,F$4)+COUNTIFS('Classification Matrix'!$D$2:$D$307,"L",'Classification Matrix'!$H$2:$H$307,F$4)+COUNTIFS('Classification Matrix'!$D$2:$D$307,"L",'Classification Matrix'!$I$2:$I$307,F$4) | G16: =COUNTIFS('Classification Matrix'!$D$2:$D$307,"L",'Classification Matrix'!$G$2:$G$307,G$4)+COUNTIFS('Classification Matrix'!$D$2:$D$307,"L",'Classification Matrix'!$H$2:$H$307,G$4)+COUNTIFS('Classification Matrix'!$D$2:$D$307,"L",'Classification Matrix'!$I$2:$I$307,G$4) | H16: =COUNTIFS('Classification Matrix'!$D$2:$D$307,"L",'Classification Matrix'!$G$2:$G$307,H$4)+COUNTIFS('Classification Matrix'!$D$2:$D$307,"L",'Classification Matrix'!$H$2:$H$307,H$4)+COUNTIFS('Classification Matrix'!$D$2:$D$307,"L",'Classification Matrix'!$I$2:$I$307,H$4) | I16: =COUNTIFS('Classification Matrix'!$D$2:$D$307,"L",'Classification Matrix'!$G$2:$G$307,I$4)+COUNTIFS('Classification Matrix'!$D$2:$D$307,"L",'Classification Matrix'!$H$2:$H$307,I$4)+COUNTIFS('Classification Matrix'!$D$2:$D$307,"L",'Classification Matrix'!$I$2:$I$307,I$4) | J16: =COUNTIFS('Classification Matrix'!$D$2:$D$307,"L",'Classification Matrix'!$G$2:$G$307,J$4)+COUNTIFS('Classification Matrix'!$D$2:$D$307,"L",'Classification Matrix'!$H$2:$H$307,J$4)+COUNTIFS('Classification Matrix'!$D$2:$D$307,"L",'Classification Matrix'!$I$2:$I$307,J$4) | ... L16: =COUNTIFS('Classification Matrix'!$D$2:$D$307,"L",'Classification Matrix'!$G$2:$G$307,L$4)+COUNTIFS('Classification Matrix'!$D$2:$D$307,"L",'Classification Matrix'!$H$2:$H$307,L$4)+COUNTIFS('Classification Matrix'!$D$2:$D$307,"L",'Classification Matrix'!$I$2:$I$307,L$4) | M16: =COUNTIF(C16:L16,">0")
A17: M. Systems of linear equations | B17: =COUNTIF('Classification Matrix'!$D$2:$D$307,"M") | C17: =COUNTIFS('Classification Matrix'!$D$2:$D$307,"M",'Classification Matrix'!$G$2:$G$307,C$4)+COUNTIFS('Classification Matrix'!$D$2:$D$307,"M",'Classification Matrix'!$H$2:$H$307,C$4)+COUNTIFS('Classification Matrix'!$D$2:$D$307,"M",'Classification Matrix'!$I$2:$I$307,C$4) | D17: =COUNTIFS('Classification Matrix'!$D$2:$D$307,"M",'Classification Matrix'!$G$2:$G$307,D$4)+COUNTIFS('Classification Matrix'!$D$2:$D$307,"M",'Classification Matrix'!$H$2:$H$307,D$4)+COUNTIFS('Classification Matrix'!$D$2:$D$307,"M",'Classification Matrix'!$I$2:$I$307,D$4) | E17: =COUNTIFS('Classification Matrix'!$D$2:$D$307,"M",'Classification Matrix'!$G$2:$G$307,E$4)+COUNTIFS('Classification Matrix'!$D$2:$D$307,"M",'Classification Matrix'!$H$2:$H$307,E$4)+COUNTIFS('Classification Matrix'!$D$2:$D$307,"M",'Classification Matrix'!$I$2:$I$307,E$4) | F17: =COUNTIFS('Classification Matrix'!$D$2:$D$307,"M",'Classification Matrix'!$G$2:$G$307,F$4)+COUNTIFS('Classification Matrix'!$D$2:$D$307,"M",'Classification Matrix'!$H$2:$H$307,F$4)+COUNTIFS('Classification Matrix'!$D$2:$D$307,"M",'Classification Matrix'!$I$2:$I$307,F$4) | G17: =COUNTIFS('Classification Matrix'!$D$2:$D$307,"M",'Classification Matrix'!$G$2:$G$307,G$4)+COUNTIFS('Classification Matrix'!$D$2:$D$307,"M",'Classification Matrix'!$H$2:$H$307,G$4)+COUNTIFS('Classification Matrix'!$D$2:$D$307,"M",'Classification Matrix'!$I$2:$I$307,G$4) | H17: =COUNTIFS('Classification Matrix'!$D$2:$D$307,"M",'Classification Matrix'!$G$2:$G$307,H$4)+COUNTIFS('Classification Matrix'!$D$2:$D$307,"M",'Classification Matrix'!$H$2:$H$307,H$4)+COUNTIFS('Classification Matrix'!$D$2:$D$307,"M",'Classification Matrix'!$I$2:$I$307,H$4) | I17: =COUNTIFS('Classification Matrix'!$D$2:$D$307,"M",'Classification Matrix'!$G$2:$G$307,I$4)+COUNTIFS('Classification Matrix'!$D$2:$D$307,"M",'Classification Matrix'!$H$2:$H$307,I$4)+COUNTIFS('Classification Matrix'!$D$2:$D$307,"M",'Classification Matrix'!$I$2:$I$307,I$4) | J17: =COUNTIFS('Classification Matrix'!$D$2:$D$307,"M",'Classification Matrix'!$G$2:$G$307,J$4)+COUNTIFS('Classification Matrix'!$D$2:$D$307,"M",'Classification Matrix'!$H$2:$H$307,J$4)+COUNTIFS('Classification Matrix'!$D$2:$D$307,"M",'Classification Matrix'!$I$2:$I$307,J$4) | ... L17: =COUNTIFS('Classification Matrix'!$D$2:$D$307,"M",'Classification Matrix'!$G$2:$G$307,L$4)+COUNTIFS('Classification Matrix'!$D$2:$D$307,"M",'Classification Matrix'!$H$2:$H$307,L$4)+COUNTIFS('Classification Matrix'!$D$2:$D$307,"M",'Classification Matrix'!$I$2:$I$307,L$4) | M17: =COUNTIF(C17:L17,">0")
A18: N. Monomials | B18: =COUNTIF('Classification Matrix'!$D$2:$D$307,"N") | C18: =COUNTIFS('Classification Matrix'!$D$2:$D$307,"N",'Classification Matrix'!$G$2:$G$307,C$4)+COUNTIFS('Classification Matrix'!$D$2:$D$307,"N",'Classification Matrix'!$H$2:$H$307,C$4)+COUNTIFS('Classification Matrix'!$D$2:$D$307,"N",'Classification Matrix'!$I$2:$I$307,C$4) | D18: =COUNTIFS('Classification Matrix'!$D$2:$D$307,"N",'Classification Matrix'!$G$2:$G$307,D$4)+COUNTIFS('Classification Matrix'!$D$2:$D$307,"N",'Classification Matrix'!$H$2:$H$307,D$4)+COUNTIFS('Classification Matrix'!$D$2:$D$307,"N",'Classification Matrix'!$I$2:$I$307,D$4) | E18: =COUNTIFS('Classification Matrix'!$D$2:$D$307,"N",'Classification Matrix'!$G$2:$G$307,E$4)+COUNTIFS('Classification Matrix'!$D$2:$D$307,"N",'Classification Matrix'!$H$2:$H$307,E$4)+COUNTIFS('Classification Matrix'!$D$2:$D$307,"N",'Classification Matrix'!$I$2:$I$307,E$4) | F18: =COUNTIFS('Classification Matrix'!$D$2:$D$307,"N",'Classification Matrix'!$G$2:$G$307,F$4)+COUNTIFS('Classification Matrix'!$D$2:$D$307,"N",'Classification Matrix'!$H$2:$H$307,F$4)+COUNTIFS('Classification Matrix'!$D$2:$D$307,"N",'Classification Matrix'!$I$2:$I$307,F$4) | G18: =COUNTIFS('Classification Matrix'!$D$2:$D$307,"N",'Classification Matrix'!$G$2:$G$307,G$4)+COUNTIFS('Classification Matrix'!$D$2:$D$307,"N",'Classification Matrix'!$H$2:$H$307,G$4)+COUNTIFS('Classification Matrix'!$D$2:$D$307,"N",'Classification Matrix'!$I$2:$I$307,G$4) | H18: =COUNTIFS('Classification Matrix'!$D$2:$D$307,"N",'Classification Matrix'!$G$2:$G$307,H$4)+COUNTIFS('Classification Matrix'!$D$2:$D$307,"N",'Classification Matrix'!$H$2:$H$307,H$4)+COUNTIFS('Classification Matrix'!$D$2:$D$307,"N",'Classification Matrix'!$I$2:$I$307,H$4) | I18: =COUNTIFS('Classification Matrix'!$D$2:$D$307,"N",'Classification Matrix'!$G$2:$G$307,I$4)+COUNTIFS('Classification Matrix'!$D$2:$D$307,"N",'Classification Matrix'!$H$2:$H$307,I$4)+COUNTIFS('Classification Matrix'!$D$2:$D$307,"N",'Classification Matrix'!$I$2:$I$307,I$4) | J18: =COUNTIFS('Classification Matrix'!$D$2:$D$307,"N",'Classification Matrix'!$G$2:$G$307,J$4)+COUNTIFS('Classification Matrix'!$D$2:$D$307,"N",'Classification Matrix'!$H$2:$H$307,J$4)+COUNTIFS('Classification Matrix'!$D$2:$D$307,"N",'Classification Matrix'!$I$2:$I$307,J$4) | ... L18: =COUNTIFS('Classification Matrix'!$D$2:$D$307,"N",'Classification Matrix'!$G$2:$G$307,L$4)+COUNTIFS('Classification Matrix'!$D$2:$D$307,"N",'Classification Matrix'!$H$2:$H$307,L$4)+COUNTIFS('Classification Matrix'!$D$2:$D$307,"N",'Classification Matrix'!$I$2:$I$307,L$4) | M18: =COUNTIF(C18:L18,">0")
A19: O. Polynomials | B19: =COUNTIF('Classification Matrix'!$D$2:$D$307,"O") | C19: =COUNTIFS('Classification Matrix'!$D$2:$D$307,"O",'Classification Matrix'!$G$2:$G$307,C$4)+COUNTIFS('Classification Matrix'!$D$2:$D$307,"O",'Classification Matrix'!$H$2:$H$307,C$4)+COUNTIFS('Classification Matrix'!$D$2:$D$307,"O",'Classification Matrix'!$I$2:$I$307,C$4) | D19: =COUNTIFS('Classification Matrix'!$D$2:$D$307,"O",'Classification Matrix'!$G$2:$G$307,D$4)+COUNTIFS('Classification Matrix'!$D$2:$D$307,"O",'Classification Matrix'!$H$2:$H$307,D$4)+COUNTIFS('Classification Matrix'!$D$2:$D$307,"O",'Classification Matrix'!$I$2:$I$307,D$4) | E19: =COUNTIFS('Classification Matrix'!$D$2:$D$307,"O",'Classification Matrix'!$G$2:$G$307,E$4)+COUNTIFS('Classification Matrix'!$D$2:$D$307,"O",'Classification Matrix'!$H$2:$H$307,E$4)+COUNTIFS('Classification Matrix'!$D$2:$D$307,"O",'Classification Matrix'!$I$2:$I$307,E$4) | F19: =COUNTIFS('Classification Matrix'!$D$2:$D$307,"O",'Classification Matrix'!$G$2:$G$307,F$4)+COUNTIFS('Classification Matrix'!$D$2:$D$307,"O",'Classification Matrix'!$H$2:$H$307,F$4)+COUNTIFS('Classification Matrix'!$D$2:$D$307,"O",'Classification Matrix'!$I$2:$I$307,F$4) | G19: =COUNTIFS('Classification Matrix'!$D$2:$D$307,"O",'Classification Matrix'!$G$2:$G$307,G$4)+COUNTIFS('Classification Matrix'!$D$2:$D$307,"O",'Classification Matrix'!$H$2:$H$307,G$4)+COUNTIFS('Classification Matrix'!$D$2:$D$307,"O",'Classification Matrix'!$I$2:$I$307,G$4) | H19: =COUNTIFS('Classification Matrix'!$D$2:$D$307,"O",'Classification Matrix'!$G$2:$G$307,H$4)+COUNTIFS('Classification Matrix'!$D$2:$D$307,"O",'Classification Matrix'!$H$2:$H$307,H$4)+COUNTIFS('Classification Matrix'!$D$2:$D$307,"O",'Classification Matrix'!$I$2:$I$307,H$4) | I19: =COUNTIFS('Classification Matrix'!$D$2:$D$307,"O",'Classification Matrix'!$G$2:$G$307,I$4)+COUNTIFS('Classification Matrix'!$D$2:$D$307,"O",'Classification Matrix'!$H$2:$H$307,I$4)+COUNTIFS('Classification Matrix'!$D$2:$D$307,"O",'Classification Matrix'!$I$2:$I$307,I$4) | J19: =COUNTIFS('Classification Matrix'!$D$2:$D$307,"O",'Classification Matrix'!$G$2:$G$307,J$4)+COUNTIFS('Classification Matrix'!$D$2:$D$307,"O",'Classification Matrix'!$H$2:$H$307,J$4)+COUNTIFS('Classification Matrix'!$D$2:$D$307,"O",'Classification Matrix'!$I$2:$I$307,J$4) | ... L19: =COUNTIFS('Classification Matrix'!$D$2:$D$307,"O",'Classification Matrix'!$G$2:$G$307,L$4)+COUNTIFS('Classification Matrix'!$D$2:$D$307,"O",'Classification Matrix'!$H$2:$H$307,L$4)+COUNTIFS('Classification Matrix'!$D$2:$D$307,"O",'Classification Matrix'!$I$2:$I$307,L$4) | M19: =COUNTIF(C19:L19,">0")
A20: P. Factoring | B20: =COUNTIF('Classification Matrix'!$D$2:$D$307,"P") | C20: =COUNTIFS('Classification Matrix'!$D$2:$D$307,"P",'Classification Matrix'!$G$2:$G$307,C$4)+COUNTIFS('Classification Matrix'!$D$2:$D$307,"P",'Classification Matrix'!$H$2:$H$307,C$4)+COUNTIFS('Classification Matrix'!$D$2:$D$307,"P",'Classification Matrix'!$I$2:$I$307,C$4) | D20: =COUNTIFS('Classification Matrix'!$D$2:$D$307,"P",'Classification Matrix'!$G$2:$G$307,D$4)+COUNTIFS('Classification Matrix'!$D$2:$D$307,"P",'Classification Matrix'!$H$2:$H$307,D$4)+COUNTIFS('Classification Matrix'!$D$2:$D$307,"P",'Classification Matrix'!$I$2:$I$307,D$4) | E20: =COUNTIFS('Classification Matrix'!$D$2:$D$307,"P",'Classification Matrix'!$G$2:$G$307,E$4)+COUNTIFS('Classification Matrix'!$D$2:$D$307,"P",'Classification Matrix'!$H$2:$H$307,E$4)+COUNTIFS('Classification Matrix'!$D$2:$D$307,"P",'Classification Matrix'!$I$2:$I$307,E$4) | F20: =COUNTIFS('Classification Matrix'!$D$2:$D$307,"P",'Classification Matrix'!$G$2:$G$307,F$4)+COUNTIFS('Classification Matrix'!$D$2:$D$307,"P",'Classification Matrix'!$H$2:$H$307,F$4)+COUNTIFS('Classification Matrix'!$D$2:$D$307,"P",'Classification Matrix'!$I$2:$I$307,F$4) | G20: =COUNTIFS('Classification Matrix'!$D$2:$D$307,"P",'Classification Matrix'!$G$2:$G$307,G$4)+COUNTIFS('Classification Matrix'!$D$2:$D$307,"P",'Classification Matrix'!$H$2:$H$307,G$4)+COUNTIFS('Classification Matrix'!$D$2:$D$307,"P",'Classification Matrix'!$I$2:$I$307,G$4) | H20: =COUNTIFS('Classification Matrix'!$D$2:$D$307,"P",'Classification Matrix'!$G$2:$G$307,H$4)+COUNTIFS('Classification Matrix'!$D$2:$D$307,"P",'Classification Matrix'!$H$2:$H$307,H$4)+COUNTIFS('Classification Matrix'!$D$2:$D$307,"P",'Classification Matrix'!$I$2:$I$307,H$4) | I20: =COUNTIFS('Classification Matrix'!$D$2:$D$307,"P",'Classification Matrix'!$G$2:$G$307,I$4)+COUNTIFS('Classification Matrix'!$D$2:$D$307,"P",'Classification Matrix'!$H$2:$H$307,I$4)+COUNTIFS('Classification Matrix'!$D$2:$D$307,"P",'Classification Matrix'!$I$2:$I$307,I$4) | J20: =COUNTIFS('Classification Matrix'!$D$2:$D$307,"P",'Classification Matrix'!$G$2:$G$307,J$4)+COUNTIFS('Classification Matrix'!$D$2:$D$307,"P",'Classification Matrix'!$H$2:$H$307,J$4)+COUNTIFS('Classification Matrix'!$D$2:$D$307,"P",'Classification Matrix'!$I$2:$I$307,J$4) | ... L20: =COUNTIFS('Classification Matrix'!$D$2:$D$307,"P",'Classification Matrix'!$G$2:$G$307,L$4)+COUNTIFS('Classification Matrix'!$D$2:$D$307,"P",'Classification Matrix'!$H$2:$H$307,L$4)+COUNTIFS('Classification Matrix'!$D$2:$D$307,"P",'Classification Matrix'!$I$2:$I$307,L$4) | M20: =COUNTIF(C20:L20,">0")
A21: Q. Quadratic equations | B21: =COUNTIF('Classification Matrix'!$D$2:$D$307,"Q") | C21: =COUNTIFS('Classification Matrix'!$D$2:$D$307,"Q",'Classification Matrix'!$G$2:$G$307,C$4)+COUNTIFS('Classification Matrix'!$D$2:$D$307,"Q",'Classification Matrix'!$H$2:$H$307,C$4)+COUNTIFS('Classification Matrix'!$D$2:$D$307,"Q",'Classification Matrix'!$I$2:$I$307,C$4) | D21: =COUNTIFS('Classification Matrix'!$D$2:$D$307,"Q",'Classification Matrix'!$G$2:$G$307,D$4)+COUNTIFS('Classification Matrix'!$D$2:$D$307,"Q",'Classification Matrix'!$H$2:$H$307,D$4)+COUNTIFS('Classification Matrix'!$D$2:$D$307,"Q",'Classification Matrix'!$I$2:$I$307,D$4) | E21: =COUNTIFS('Classification Matrix'!$D$2:$D$307,"Q",'Classification Matrix'!$G$2:$G$307,E$4)+COUNTIFS('Classification Matrix'!$D$2:$D$307,"Q",'Classification Matrix'!$H$2:$H$307,E$4)+COUNTIFS('Classification Matrix'!$D$2:$D$307,"Q",'Classification Matrix'!$I$2:$I$307,E$4) | F21: =COUNTIFS('Classification Matrix'!$D$2:$D$307,"Q",'Classification Matrix'!$G$2:$G$307,F$4)+COUNTIFS('Classification Matrix'!$D$2:$D$307,"Q",'Classification Matrix'!$H$2:$H$307,F$4)+COUNTIFS('Classification Matrix'!$D$2:$D$307,"Q",'Classification Matrix'!$I$2:$I$307,F$4) | G21: =COUNTIFS('Classification Matrix'!$D$2:$D$307,"Q",'Classification Matrix'!$G$2:$G$307,G$4)+COUNTIFS('Classification Matrix'!$D$2:$D$307,"Q",'Classification Matrix'!$H$2:$H$307,G$4)+COUNTIFS('Classification Matrix'!$D$2:$D$307,"Q",'Classification Matrix'!$I$2:$I$307,G$4) | H21: =COUNTIFS('Classification Matrix'!$D$2:$D$307,"Q",'Classification Matrix'!$G$2:$G$307,H$4)+COUNTIFS('Classification Matrix'!$D$2:$D$307,"Q",'Classification Matrix'!$H$2:$H$307,H$4)+COUNTIFS('Classification Matrix'!$D$2:$D$307,"Q",'Classification Matrix'!$I$2:$I$307,H$4) | I21: =COUNTIFS('Classification Matrix'!$D$2:$D$307,"Q",'Classification Matrix'!$G$2:$G$307,I$4)+COUNTIFS('Classification Matrix'!$D$2:$D$307,"Q",'Classification Matrix'!$H$2:$H$307,I$4)+COUNTIFS('Classification Matrix'!$D$2:$D$307,"Q",'Classification Matrix'!$I$2:$I$307,I$4) | J21: =COUNTIFS('Classification Matrix'!$D$2:$D$307,"Q",'Classification Matrix'!$G$2:$G$307,J$4)+COUNTIFS('Classification Matrix'!$D$2:$D$307,"Q",'Classification Matrix'!$H$2:$H$307,J$4)+COUNTIFS('Classification Matrix'!$D$2:$D$307,"Q",'Classification Matrix'!$I$2:$I$307,J$4) | ... L21: =COUNTIFS('Classification Matrix'!$D$2:$D$307,"Q",'Classification Matrix'!$G$2:$G$307,L$4)+COUNTIFS('Classification Matrix'!$D$2:$D$307,"Q",'Classification Matrix'!$H$2:$H$307,L$4)+COUNTIFS('Classification Matrix'!$D$2:$D$307,"Q",'Classification Matrix'!$I$2:$I$307,L$4) | M21: =COUNTIF(C21:L21,">0")
A22: R. Parabolas | B22: =COUNTIF('Classification Matrix'!$D$2:$D$307,"R") | C22: =COUNTIFS('Classification Matrix'!$D$2:$D$307,"R",'Classification Matrix'!$G$2:$G$307,C$4)+COUNTIFS('Classification Matrix'!$D$2:$D$307,"R",'Classification Matrix'!$H$2:$H$307,C$4)+COUNTIFS('Classification Matrix'!$D$2:$D$307,"R",'Classification Matrix'!$I$2:$I$307,C$4) | D22: =COUNTIFS('Classification Matrix'!$D$2:$D$307,"R",'Classification Matrix'!$G$2:$G$307,D$4)+COUNTIFS('Classification Matrix'!$D$2:$D$307,"R",'Classification Matrix'!$H$2:$H$307,D$4)+COUNTIFS('Classification Matrix'!$D$2:$D$307,"R",'Classification Matrix'!$I$2:$I$307,D$4) | E22: =COUNTIFS('Classification Matrix'!$D$2:$D$307,"R",'Classification Matrix'!$G$2:$G$307,E$4)+COUNTIFS('Classification Matrix'!$D$2:$D$307,"R",'Classification Matrix'!$H$2:$H$307,E$4)+COUNTIFS('Classification Matrix'!$D$2:$D$307,"R",'Classification Matrix'!$I$2:$I$307,E$4) | F22: =COUNTIFS('Classification Matrix'!$D$2:$D$307,"R",'Classification Matrix'!$G$2:$G$307,F$4)+COUNTIFS('Classification Matrix'!$D$2:$D$307,"R",'Classification Matrix'!$H$2:$H$307,F$4)+COUNTIFS('Classification Matrix'!$D$2:$D$307,"R",'Classification Matrix'!$I$2:$I$307,F$4) | G22: =COUNTIFS('Classification Matrix'!$D$2:$D$307,"R",'Classification Matrix'!$G$2:$G$307,G$4)+COUNTIFS('Classification Matrix'!$D$2:$D$307,"R",'Classification Matrix'!$H$2:$H$307,G$4)+COUNTIFS('Classification Matrix'!$D$2:$D$307,"R",'Classification Matrix'!$I$2:$I$307,G$4) | H22: =COUNTIFS('Classification Matrix'!$D$2:$D$307,"R",'Classification Matrix'!$G$2:$G$307,H$4)+COUNTIFS('Classification Matrix'!$D$2:$D$307,"R",'Classification Matrix'!$H$2:$H$307,H$4)+COUNTIFS('Classification Matrix'!$D$2:$D$307,"R",'Classification Matrix'!$I$2:$I$307,H$4) | I22: =COUNTIFS('Classification Matrix'!$D$2:$D$307,"R",'Classification Matrix'!$G$2:$G$307,I$4)+COUNTIFS('Classification Matrix'!$D$2:$D$307,"R",'Classification Matrix'!$H$2:$H$307,I$4)+COUNTIFS('Classification Matrix'!$D$2:$D$307,"R",'Classification Matrix'!$I$2:$I$307,I$4) | J22: =COUNTIFS('Classification Matrix'!$D$2:$D$307,"R",'Classification Matrix'!$G$2:$G$307,J$4)+COUNTIFS('Classification Matrix'!$D$2:$D$307,"R",'Classification Matrix'!$H$2:$H$307,J$4)+COUNTIFS('Classification Matrix'!$D$2:$D$307,"R",'Classification Matrix'!$I$2:$I$307,J$4) | ... L22: =COUNTIFS('Classification Matrix'!$D$2:$D$307,"R",'Classification Matrix'!$G$2:$G$307,L$4)+COUNTIFS('Classification Matrix'!$D$2:$D$307,"R",'Classification Matrix'!$H$2:$H$307,L$4)+COUNTIFS('Classification Matrix'!$D$2:$D$307,"R",'Classification Matrix'!$I$2:$I$307,L$4) | M22: =COUNTIF(C22:L22,">0")
A23: S. Functions: linear, quadratic, exponential | B23: =COUNTIF('Classification Matrix'!$D$2:$D$307,"S") | C23: =COUNTIFS('Classification Matrix'!$D$2:$D$307,"S",'Classification Matrix'!$G$2:$G$307,C$4)+COUNTIFS('Classification Matrix'!$D$2:$D$307,"S",'Classification Matrix'!$H$2:$H$307,C$4)+COUNTIFS('Classification Matrix'!$D$2:$D$307,"S",'Classification Matrix'!$I$2:$I$307,C$4) | D23: =COUNTIFS('Classification Matrix'!$D$2:$D$307,"S",'Classification Matrix'!$G$2:$G$307,D$4)+COUNTIFS('Classification Matrix'!$D$2:$D$307,"S",'Classification Matrix'!$H$2:$H$307,D$4)+COUNTIFS('Classification Matrix'!$D$2:$D$307,"S",'Classification Matrix'!$I$2:$I$307,D$4) | E23: =COUNTIFS('Classification Matrix'!$D$2:$D$307,"S",'Classification Matrix'!$G$2:$G$307,E$4)+COUNTIFS('Classification Matrix'!$D$2:$D$307,"S",'Classification Matrix'!$H$2:$H$307,E$4)+COUNTIFS('Classification Matrix'!$D$2:$D$307,"S",'Classification Matrix'!$I$2:$I$307,E$4) | F23: =COUNTIFS('Classification Matrix'!$D$2:$D$307,"S",'Classification Matrix'!$G$2:$G$307,F$4)+COUNTIFS('Classification Matrix'!$D$2:$D$307,"S",'Classification Matrix'!$H$2:$H$307,F$4)+COUNTIFS('Classification Matrix'!$D$2:$D$307,"S",'Classification Matrix'!$I$2:$I$307,F$4) | G23: =COUNTIFS('Classification Matrix'!$D$2:$D$307,"S",'Classification Matrix'!$G$2:$G$307,G$4)+COUNTIFS('Classification Matrix'!$D$2:$D$307,"S",'Classification Matrix'!$H$2:$H$307,G$4)+COUNTIFS('Classification Matrix'!$D$2:$D$307,"S",'Classification Matrix'!$I$2:$I$307,G$4) | H23: =COUNTIFS('Classification Matrix'!$D$2:$D$307,"S",'Classification Matrix'!$G$2:$G$307,H$4)+COUNTIFS('Classification Matrix'!$D$2:$D$307,"S",'Classification Matrix'!$H$2:$H$307,H$4)+COUNTIFS('Classification Matrix'!$D$2:$D$307,"S",'Classification Matrix'!$I$2:$I$307,H$4) | I23: =COUNTIFS('Classification Matrix'!$D$2:$D$307,"S",'Classification Matrix'!$G$2:$G$307,I$4)+COUNTIFS('Classification Matrix'!$D$2:$D$307,"S",'Classification Matrix'!$H$2:$H$307,I$4)+COUNTIFS('Classification Matrix'!$D$2:$D$307,"S",'Classification Matrix'!$I$2:$I$307,I$4) | J23: =COUNTIFS('Classification Matrix'!$D$2:$D$307,"S",'Classification Matrix'!$G$2:$G$307,J$4)+COUNTIFS('Classification Matrix'!$D$2:$D$307,"S",'Classification Matrix'!$H$2:$H$307,J$4)+COUNTIFS('Classification Matrix'!$D$2:$D$307,"S",'Classification Matrix'!$I$2:$I$307,J$4) | ... L23: =COUNTIFS('Classification Matrix'!$D$2:$D$307,"S",'Classification Matrix'!$G$2:$G$307,L$4)+COUNTIFS('Classification Matrix'!$D$2:$D$307,"S",'Classification Matrix'!$H$2:$H$307,L$4)+COUNTIFS('Classification Matrix'!$D$2:$D$307,"S",'Classification Matrix'!$I$2:$I$307,L$4) | M23: =COUNTIF(C23:L23,">0")
A24: T. Rational functions and expressions | B24: =COUNTIF('Classification Matrix'!$D$2:$D$307,"T") | C24: =COUNTIFS('Classification Matrix'!$D$2:$D$307,"T",'Classification Matrix'!$G$2:$G$307,C$4)+COUNTIFS('Classification Matrix'!$D$2:$D$307,"T",'Classification Matrix'!$H$2:$H$307,C$4)+COUNTIFS('Classification Matrix'!$D$2:$D$307,"T",'Classification Matrix'!$I$2:$I$307,C$4) | D24: =COUNTIFS('Classification Matrix'!$D$2:$D$307,"T",'Classification Matrix'!$G$2:$G$307,D$4)+COUNTIFS('Classification Matrix'!$D$2:$D$307,"T",'Classification Matrix'!$H$2:$H$307,D$4)+COUNTIFS('Classification Matrix'!$D$2:$D$307,"T",'Classification Matrix'!$I$2:$I$307,D$4) | E24: =COUNTIFS('Classification Matrix'!$D$2:$D$307,"T",'Classification Matrix'!$G$2:$G$307,E$4)+COUNTIFS('Classification Matrix'!$D$2:$D$307,"T",'Classification Matrix'!$H$2:$H$307,E$4)+COUNTIFS('Classification Matrix'!$D$2:$D$307,"T",'Classification Matrix'!$I$2:$I$307,E$4) | F24: =COUNTIFS('Classification Matrix'!$D$2:$D$307,"T",'Classification Matrix'!$G$2:$G$307,F$4)+COUNTIFS('Classification Matrix'!$D$2:$D$307,"T",'Classification Matrix'!$H$2:$H$307,F$4)+COUNTIFS('Classification Matrix'!$D$2:$D$307,"T",'Classification Matrix'!$I$2:$I$307,F$4) | G24: =COUNTIFS('Classification Matrix'!$D$2:$D$307,"T",'Classification Matrix'!$G$2:$G$307,G$4)+COUNTIFS('Classification Matrix'!$D$2:$D$307,"T",'Classification Matrix'!$H$2:$H$307,G$4)+COUNTIFS('Classification Matrix'!$D$2:$D$307,"T",'Classification Matrix'!$I$2:$I$307,G$4) | H24: =COUNTIFS('Classification Matrix'!$D$2:$D$307,"T",'Classification Matrix'!$G$2:$G$307,H$4)+COUNTIFS('Classification Matrix'!$D$2:$D$307,"T",'Classification Matrix'!$H$2:$H$307,H$4)+COUNTIFS('Classification Matrix'!$D$2:$D$307,"T",'Classification Matrix'!$I$2:$I$307,H$4) | I24: =COUNTIFS('Classification Matrix'!$D$2:$D$307,"T",'Classification Matrix'!$G$2:$G$307,I$4)+COUNTIFS('Classification Matrix'!$D$2:$D$307,"T",'Classification Matrix'!$H$2:$H$307,I$4)+COUNTIFS('Classification Matrix'!$D$2:$D$307,"T",'Classification Matrix'!$I$2:$I$307,I$4) | J24: =COUNTIFS('Classification Matrix'!$D$2:$D$307,"T",'Classification Matrix'!$G$2:$G$307,J$4)+COUNTIFS('Classification Matrix'!$D$2:$D$307,"T",'Classification Matrix'!$H$2:$H$307,J$4)+COUNTIFS('Classification Matrix'!$D$2:$D$307,"T",'Classification Matrix'!$I$2:$I$307,J$4) | ... L24: =COUNTIFS('Classification Matrix'!$D$2:$D$307,"T",'Classification Matrix'!$G$2:$G$307,L$4)+COUNTIFS('Classification Matrix'!$D$2:$D$307,"T",'Classification Matrix'!$H$2:$H$307,L$4)+COUNTIFS('Classification Matrix'!$D$2:$D$307,"T",'Classification Matrix'!$I$2:$I$307,L$4) | M24: =COUNTIF(C24:L24,">0")
A25: U. Circles in the coordinate plane | B25: =COUNTIF('Classification Matrix'!$D$2:$D$307,"U") | C25: =COUNTIFS('Classification Matrix'!$D$2:$D$307,"U",'Classification Matrix'!$G$2:$G$307,C$4)+COUNTIFS('Classification Matrix'!$D$2:$D$307,"U",'Classification Matrix'!$H$2:$H$307,C$4)+COUNTIFS('Classification Matrix'!$D$2:$D$307,"U",'Classification Matrix'!$I$2:$I$307,C$4) | D25: =COUNTIFS('Classification Matrix'!$D$2:$D$307,"U",'Classification Matrix'!$G$2:$G$307,D$4)+COUNTIFS('Classification Matrix'!$D$2:$D$307,"U",'Classification Matrix'!$H$2:$H$307,D$4)+COUNTIFS('Classification Matrix'!$D$2:$D$307,"U",'Classification Matrix'!$I$2:$I$307,D$4) | E25: =COUNTIFS('Classification Matrix'!$D$2:$D$307,"U",'Classification Matrix'!$G$2:$G$307,E$4)+COUNTIFS('Classification Matrix'!$D$2:$D$307,"U",'Classification Matrix'!$H$2:$H$307,E$4)+COUNTIFS('Classification Matrix'!$D$2:$D$307,"U",'Classification Matrix'!$I$2:$I$307,E$4) | F25: =COUNTIFS('Classification Matrix'!$D$2:$D$307,"U",'Classification Matrix'!$G$2:$G$307,F$4)+COUNTIFS('Classification Matrix'!$D$2:$D$307,"U",'Classification Matrix'!$H$2:$H$307,F$4)+COUNTIFS('Classification Matrix'!$D$2:$D$307,"U",'Classification Matrix'!$I$2:$I$307,F$4) | G25: =COUNTIFS('Classification Matrix'!$D$2:$D$307,"U",'Classification Matrix'!$G$2:$G$307,G$4)+COUNTIFS('Classification Matrix'!$D$2:$D$307,"U",'Classification Matrix'!$H$2:$H$307,G$4)+COUNTIFS('Classification Matrix'!$D$2:$D$307,"U",'Classification Matrix'!$I$2:$I$307,G$4) | H25: =COUNTIFS('Classification Matrix'!$D$2:$D$307,"U",'Classification Matrix'!$G$2:$G$307,H$4)+COUNTIFS('Classification Matrix'!$D$2:$D$307,"U",'Classification Matrix'!$H$2:$H$307,H$4)+COUNTIFS('Classification Matrix'!$D$2:$D$307,"U",'Classification Matrix'!$I$2:$I$307,H$4) | I25: =COUNTIFS('Classification Matrix'!$D$2:$D$307,"U",'Classification Matrix'!$G$2:$G$307,I$4)+COUNTIFS('Classification Matrix'!$D$2:$D$307,"U",'Classification Matrix'!$H$2:$H$307,I$4)+COUNTIFS('Classification Matrix'!$D$2:$D$307,"U",'Classification Matrix'!$I$2:$I$307,I$4) | J25: =COUNTIFS('Classification Matrix'!$D$2:$D$307,"U",'Classification Matrix'!$G$2:$G$307,J$4)+COUNTIFS('Classification Matrix'!$D$2:$D$307,"U",'Classification Matrix'!$H$2:$H$307,J$4)+COUNTIFS('Classification Matrix'!$D$2:$D$307,"U",'Classification Matrix'!$I$2:$I$307,J$4) | ... L25: =COUNTIFS('Classification Matrix'!$D$2:$D$307,"U",'Classification Matrix'!$G$2:$G$307,L$4)+COUNTIFS('Classification Matrix'!$D$2:$D$307,"U",'Classification Matrix'!$H$2:$H$307,L$4)+COUNTIFS('Classification Matrix'!$D$2:$D$307,"U",'Classification Matrix'!$I$2:$I$307,L$4) | M25: =COUNTIF(C25:L25,">0")
A26: V. Logic | B26: =COUNTIF('Classification Matrix'!$D$2:$D$307,"V") | C26: =COUNTIFS('Classification Matrix'!$D$2:$D$307,"V",'Classification Matrix'!$G$2:$G$307,C$4)+COUNTIFS('Classification Matrix'!$D$2:$D$307,"V",'Classification Matrix'!$H$2:$H$307,C$4)+COUNTIFS('Classification Matrix'!$D$2:$D$307,"V",'Classification Matrix'!$I$2:$I$307,C$4) | D26: =COUNTIFS('Classification Matrix'!$D$2:$D$307,"V",'Classification Matrix'!$G$2:$G$307,D$4)+COUNTIFS('Classification Matrix'!$D$2:$D$307,"V",'Classification Matrix'!$H$2:$H$307,D$4)+COUNTIFS('Classification Matrix'!$D$2:$D$307,"V",'Classification Matrix'!$I$2:$I$307,D$4) | E26: =COUNTIFS('Classification Matrix'!$D$2:$D$307,"V",'Classification Matrix'!$G$2:$G$307,E$4)+COUNTIFS('Classification Matrix'!$D$2:$D$307,"V",'Classification Matrix'!$H$2:$H$307,E$4)+COUNTIFS('Classification Matrix'!$D$2:$D$307,"V",'Classification Matrix'!$I$2:$I$307,E$4) | F26: =COUNTIFS('Classification Matrix'!$D$2:$D$307,"V",'Classification Matrix'!$G$2:$G$307,F$4)+COUNTIFS('Classification Matrix'!$D$2:$D$307,"V",'Classification Matrix'!$H$2:$H$307,F$4)+COUNTIFS('Classification Matrix'!$D$2:$D$307,"V",'Classification Matrix'!$I$2:$I$307,F$4) | G26: =COUNTIFS('Classification Matrix'!$D$2:$D$307,"V",'Classification Matrix'!$G$2:$G$307,G$4)+COUNTIFS('Classification Matrix'!$D$2:$D$307,"V",'Classification Matrix'!$H$2:$H$307,G$4)+COUNTIFS('Classification Matrix'!$D$2:$D$307,"V",'Classification Matrix'!$I$2:$I$307,G$4) | H26: =COUNTIFS('Classification Matrix'!$D$2:$D$307,"V",'Classification Matrix'!$G$2:$G$307,H$4)+COUNTIFS('Classification Matrix'!$D$2:$D$307,"V",'Classification Matrix'!$H$2:$H$307,H$4)+COUNTIFS('Classification Matrix'!$D$2:$D$307,"V",'Classification Matrix'!$I$2:$I$307,H$4) | I26: =COUNTIFS('Classification Matrix'!$D$2:$D$307,"V",'Classification Matrix'!$G$2:$G$307,I$4)+COUNTIFS('Classification Matrix'!$D$2:$D$307,"V",'Classification Matrix'!$H$2:$H$307,I$4)+COUNTIFS('Classification Matrix'!$D$2:$D$307,"V",'Classification Matrix'!$I$2:$I$307,I$4) | J26: =COUNTIFS('Classification Matrix'!$D$2:$D$307,"V",'Classification Matrix'!$G$2:$G$307,J$4)+COUNTIFS('Classification Matrix'!$D$2:$D$307,"V",'Classification Matrix'!$H$2:$H$307,J$4)+COUNTIFS('Classification Matrix'!$D$2:$D$307,"V",'Classification Matrix'!$I$2:$I$307,J$4) | ... L26: =COUNTIFS('Classification Matrix'!$D$2:$D$307,"V",'Classification Matrix'!$G$2:$G$307,L$4)+COUNTIFS('Classification Matrix'!$D$2:$D$307,"V",'Classification Matrix'!$H$2:$H$307,L$4)+COUNTIFS('Classification Matrix'!$D$2:$D$307,"V",'Classification Matrix'!$I$2:$I$307,L$4) | M26: =COUNTIF(C26:L26,">0")
A27: W. Measurement | B27: =COUNTIF('Classification Matrix'!$D$2:$D$307,"W") | C27: =COUNTIFS('Classification Matrix'!$D$2:$D$307,"W",'Classification Matrix'!$G$2:$G$307,C$4)+COUNTIFS('Classification Matrix'!$D$2:$D$307,"W",'Classification Matrix'!$H$2:$H$307,C$4)+COUNTIFS('Classification Matrix'!$D$2:$D$307,"W",'Classification Matrix'!$I$2:$I$307,C$4) | D27: =COUNTIFS('Classification Matrix'!$D$2:$D$307,"W",'Classification Matrix'!$G$2:$G$307,D$4)+COUNTIFS('Classification Matrix'!$D$2:$D$307,"W",'Classification Matrix'!$H$2:$H$307,D$4)+COUNTIFS('Classification Matrix'!$D$2:$D$307,"W",'Classification Matrix'!$I$2:$I$307,D$4) | E27: =COUNTIFS('Classification Matrix'!$D$2:$D$307,"W",'Classification Matrix'!$G$2:$G$307,E$4)+COUNTIFS('Classification Matrix'!$D$2:$D$307,"W",'Classification Matrix'!$H$2:$H$307,E$4)+COUNTIFS('Classification Matrix'!$D$2:$D$307,"W",'Classification Matrix'!$I$2:$I$307,E$4) | F27: =COUNTIFS('Classification Matrix'!$D$2:$D$307,"W",'Classification Matrix'!$G$2:$G$307,F$4)+COUNTIFS('Classification Matrix'!$D$2:$D$307,"W",'Classification Matrix'!$H$2:$H$307,F$4)+COUNTIFS('Classification Matrix'!$D$2:$D$307,"W",'Classification Matrix'!$I$2:$I$307,F$4) | G27: =COUNTIFS('Classification Matrix'!$D$2:$D$307,"W",'Classification Matrix'!$G$2:$G$307,G$4)+COUNTIFS('Classification Matrix'!$D$2:$D$307,"W",'Classification Matrix'!$H$2:$H$307,G$4)+COUNTIFS('Classification Matrix'!$D$2:$D$307,"W",'Classification Matrix'!$I$2:$I$307,G$4) | H27: =COUNTIFS('Classification Matrix'!$D$2:$D$307,"W",'Classification Matrix'!$G$2:$G$307,H$4)+COUNTIFS('Classification Matrix'!$D$2:$D$307,"W",'Classification Matrix'!$H$2:$H$307,H$4)+COUNTIFS('Classification Matrix'!$D$2:$D$307,"W",'Classification Matrix'!$I$2:$I$307,H$4) | I27: =COUNTIFS('Classification Matrix'!$D$2:$D$307,"W",'Classification Matrix'!$G$2:$G$307,I$4)+COUNTIFS('Classification Matrix'!$D$2:$D$307,"W",'Classification Matrix'!$H$2:$H$307,I$4)+COUNTIFS('Classification Matrix'!$D$2:$D$307,"W",'Classification Matrix'!$I$2:$I$307,I$4) | J27: =COUNTIFS('Classification Matrix'!$D$2:$D$307,"W",'Classification Matrix'!$G$2:$G$307,J$4)+COUNTIFS('Classification Matrix'!$D$2:$D$307,"W",'Classification Matrix'!$H$2:$H$307,J$4)+COUNTIFS('Classification Matrix'!$D$2:$D$307,"W",'Classification Matrix'!$I$2:$I$307,J$4) | ... L27: =COUNTIFS('Classification Matrix'!$D$2:$D$307,"W",'Classification Matrix'!$G$2:$G$307,L$4)+COUNTIFS('Classification Matrix'!$D$2:$D$307,"W",'Classification Matrix'!$H$2:$H$307,L$4)+COUNTIFS('Classification Matrix'!$D$2:$D$307,"W",'Classification Matrix'!$I$2:$I$307,L$4) | M27: =COUNTIF(C27:L27,">0")
A28: X. Constructions | B28: =COUNTIF('Classification Matrix'!$D$2:$D$307,"X") | C28: =COUNTIFS('Classification Matrix'!$D$2:$D$307,"X",'Classification Matrix'!$G$2:$G$307,C$4)+COUNTIFS('Classification Matrix'!$D$2:$D$307,"X",'Classification Matrix'!$H$2:$H$307,C$4)+COUNTIFS('Classification Matrix'!$D$2:$D$307,"X",'Classification Matrix'!$I$2:$I$307,C$4) | D28: =COUNTIFS('Classification Matrix'!$D$2:$D$307,"X",'Classification Matrix'!$G$2:$G$307,D$4)+COUNTIFS('Classification Matrix'!$D$2:$D$307,"X",'Classification Matrix'!$H$2:$H$307,D$4)+COUNTIFS('Classification Matrix'!$D$2:$D$307,"X",'Classification Matrix'!$I$2:$I$307,D$4) | E28: =COUNTIFS('Classification Matrix'!$D$2:$D$307,"X",'Classification Matrix'!$G$2:$G$307,E$4)+COUNTIFS('Classification Matrix'!$D$2:$D$307,"X",'Classification Matrix'!$H$2:$H$307,E$4)+COUNTIFS('Classification Matrix'!$D$2:$D$307,"X",'Classification Matrix'!$I$2:$I$307,E$4) | F28: =COUNTIFS('Classification Matrix'!$D$2:$D$307,"X",'Classification Matrix'!$G$2:$G$307,F$4)+COUNTIFS('Classification Matrix'!$D$2:$D$307,"X",'Classification Matrix'!$H$2:$H$307,F$4)+COUNTIFS('Classification Matrix'!$D$2:$D$307,"X",'Classification Matrix'!$I$2:$I$307,F$4) | G28: =COUNTIFS('Classification Matrix'!$D$2:$D$307,"X",'Classification Matrix'!$G$2:$G$307,G$4)+COUNTIFS('Classification Matrix'!$D$2:$D$307,"X",'Classification Matrix'!$H$2:$H$307,G$4)+COUNTIFS('Classification Matrix'!$D$2:$D$307,"X",'Classification Matrix'!$I$2:$I$307,G$4) | H28: =COUNTIFS('Classification Matrix'!$D$2:$D$307,"X",'Classification Matrix'!$G$2:$G$307,H$4)+COUNTIFS('Classification Matrix'!$D$2:$D$307,"X",'Classification Matrix'!$H$2:$H$307,H$4)+COUNTIFS('Classification Matrix'!$D$2:$D$307,"X",'Classification Matrix'!$I$2:$I$307,H$4) | I28: =COUNTIFS('Classification Matrix'!$D$2:$D$307,"X",'Classification Matrix'!$G$2:$G$307,I$4)+COUNTIFS('Classification Matrix'!$D$2:$D$307,"X",'Classification Matrix'!$H$2:$H$307,I$4)+COUNTIFS('Classification Matrix'!$D$2:$D$307,"X",'Classification Matrix'!$I$2:$I$307,I$4) | J28: =COUNTIFS('Classification Matrix'!$D$2:$D$307,"X",'Classification Matrix'!$G$2:$G$307,J$4)+COUNTIFS('Classification Matrix'!$D$2:$D$307,"X",'Classification Matrix'!$H$2:$H$307,J$4)+COUNTIFS('Classification Matrix'!$D$2:$D$307,"X",'Classification Matrix'!$I$2:$I$307,J$4) | ... L28: =COUNTIFS('Classification Matrix'!$D$2:$D$307,"X",'Classification Matrix'!$G$2:$G$307,L$4)+COUNTIFS('Classification Matrix'!$D$2:$D$307,"X",'Classification Matrix'!$H$2:$H$307,L$4)+COUNTIFS('Classification Matrix'!$D$2:$D$307,"X",'Classification Matrix'!$I$2:$I$307,L$4) | M28: =COUNTIF(C28:L28,">0")
A29: Y. Two-dimensional figures | B29: =COUNTIF('Classification Matrix'!$D$2:$D$307,"Y") | C29: =COUNTIFS('Classification Matrix'!$D$2:$D$307,"Y",'Classification Matrix'!$G$2:$G$307,C$4)+COUNTIFS('Classification Matrix'!$D$2:$D$307,"Y",'Classification Matrix'!$H$2:$H$307,C$4)+COUNTIFS('Classification Matrix'!$D$2:$D$307,"Y",'Classification Matrix'!$I$2:$I$307,C$4) | D29: =COUNTIFS('Classification Matrix'!$D$2:$D$307,"Y",'Classification Matrix'!$G$2:$G$307,D$4)+COUNTIFS('Classification Matrix'!$D$2:$D$307,"Y",'Classification Matrix'!$H$2:$H$307,D$4)+COUNTIFS('Classification Matrix'!$D$2:$D$307,"Y",'Classification Matrix'!$I$2:$I$307,D$4) | E29: =COUNTIFS('Classification Matrix'!$D$2:$D$307,"Y",'Classification Matrix'!$G$2:$G$307,E$4)+COUNTIFS('Classification Matrix'!$D$2:$D$307,"Y",'Classification Matrix'!$H$2:$H$307,E$4)+COUNTIFS('Classification Matrix'!$D$2:$D$307,"Y",'Classification Matrix'!$I$2:$I$307,E$4) | F29: =COUNTIFS('Classification Matrix'!$D$2:$D$307,"Y",'Classification Matrix'!$G$2:$G$307,F$4)+COUNTIFS('Classification Matrix'!$D$2:$D$307,"Y",'Classification Matrix'!$H$2:$H$307,F$4)+COUNTIFS('Classification Matrix'!$D$2:$D$307,"Y",'Classification Matrix'!$I$2:$I$307,F$4) | G29: =COUNTIFS('Classification Matrix'!$D$2:$D$307,"Y",'Classification Matrix'!$G$2:$G$307,G$4)+COUNTIFS('Classification Matrix'!$D$2:$D$307,"Y",'Classification Matrix'!$H$2:$H$307,G$4)+COUNTIFS('Classification Matrix'!$D$2:$D$307,"Y",'Classification Matrix'!$I$2:$I$307,G$4) | H29: =COUNTIFS('Classification Matrix'!$D$2:$D$307,"Y",'Classification Matrix'!$G$2:$G$307,H$4)+COUNTIFS('Classification Matrix'!$D$2:$D$307,"Y",'Classification Matrix'!$H$2:$H$307,H$4)+COUNTIFS('Classification Matrix'!$D$2:$D$307,"Y",'Classification Matrix'!$I$2:$I$307,H$4) | I29: =COUNTIFS('Classification Matrix'!$D$2:$D$307,"Y",'Classification Matrix'!$G$2:$G$307,I$4)+COUNTIFS('Classification Matrix'!$D$2:$D$307,"Y",'Classification Matrix'!$H$2:$H$307,I$4)+COUNTIFS('Classification Matrix'!$D$2:$D$307,"Y",'Classification Matrix'!$I$2:$I$307,I$4) | J29: =COUNTIFS('Classification Matrix'!$D$2:$D$307,"Y",'Classification Matrix'!$G$2:$G$307,J$4)+COUNTIFS('Classification Matrix'!$D$2:$D$307,"Y",'Classification Matrix'!$H$2:$H$307,J$4)+COUNTIFS('Classification Matrix'!$D$2:$D$307,"Y",'Classification Matrix'!$I$2:$I$307,J$4) | ... L29: =COUNTIFS('Classification Matrix'!$D$2:$D$307,"Y",'Classification Matrix'!$G$2:$G$307,L$4)+COUNTIFS('Classification Matrix'!$D$2:$D$307,"Y",'Classification Matrix'!$H$2:$H$307,L$4)+COUNTIFS('Classification Matrix'!$D$2:$D$307,"Y",'Classification Matrix'!$I$2:$I$307,L$4) | M29: =COUNTIF(C29:L29,">0")
A30: Z. Three-dimensional figures | B30: =COUNTIF('Classification Matrix'!$D$2:$D$307,"Z") | C30: =COUNTIFS('Classification Matrix'!$D$2:$D$307,"Z",'Classification Matrix'!$G$2:$G$307,C$4)+COUNTIFS('Classification Matrix'!$D$2:$D$307,"Z",'Classification Matrix'!$H$2:$H$307,C$4)+COUNTIFS('Classification Matrix'!$D$2:$D$307,"Z",'Classification Matrix'!$I$2:$I$307,C$4) | D30: =COUNTIFS('Classification Matrix'!$D$2:$D$307,"Z",'Classification Matrix'!$G$2:$G$307,D$4)+COUNTIFS('Classification Matrix'!$D$2:$D$307,"Z",'Classification Matrix'!$H$2:$H$307,D$4)+COUNTIFS('Classification Matrix'!$D$2:$D$307,"Z",'Classification Matrix'!$I$2:$I$307,D$4) | E30: =COUNTIFS('Classification Matrix'!$D$2:$D$307,"Z",'Classification Matrix'!$G$2:$G$307,E$4)+COUNTIFS('Classification Matrix'!$D$2:$D$307,"Z",'Classification Matrix'!$H$2:$H$307,E$4)+COUNTIFS('Classification Matrix'!$D$2:$D$307,"Z",'Classification Matrix'!$I$2:$I$307,E$4) | F30: =COUNTIFS('Classification Matrix'!$D$2:$D$307,"Z",'Classification Matrix'!$G$2:$G$307,F$4)+COUNTIFS('Classification Matrix'!$D$2:$D$307,"Z",'Classification Matrix'!$H$2:$H$307,F$4)+COUNTIFS('Classification Matrix'!$D$2:$D$307,"Z",'Classification Matrix'!$I$2:$I$307,F$4) | G30: =COUNTIFS('Classification Matrix'!$D$2:$D$307,"Z",'Classification Matrix'!$G$2:$G$307,G$4)+COUNTIFS('Classification Matrix'!$D$2:$D$307,"Z",'Classification Matrix'!$H$2:$H$307,G$4)+COUNTIFS('Classification Matrix'!$D$2:$D$307,"Z",'Classification Matrix'!$I$2:$I$307,G$4) | H30: =COUNTIFS('Classification Matrix'!$D$2:$D$307,"Z",'Classification Matrix'!$G$2:$G$307,H$4)+COUNTIFS('Classification Matrix'!$D$2:$D$307,"Z",'Classification Matrix'!$H$2:$H$307,H$4)+COUNTIFS('Classification Matrix'!$D$2:$D$307,"Z",'Classification Matrix'!$I$2:$I$307,H$4) | I30: =COUNTIFS('Classification Matrix'!$D$2:$D$307,"Z",'Classification Matrix'!$G$2:$G$307,I$4)+COUNTIFS('Classification Matrix'!$D$2:$D$307,"Z",'Classification Matrix'!$H$2:$H$307,I$4)+COUNTIFS('Classification Matrix'!$D$2:$D$307,"Z",'Classification Matrix'!$I$2:$I$307,I$4) | J30: =COUNTIFS('Classification Matrix'!$D$2:$D$307,"Z",'Classification Matrix'!$G$2:$G$307,J$4)+COUNTIFS('Classification Matrix'!$D$2:$D$307,"Z",'Classification Matrix'!$H$2:$H$307,J$4)+COUNTIFS('Classification Matrix'!$D$2:$D$307,"Z",'Classification Matrix'!$I$2:$I$307,J$4) | ... L30: =COUNTIFS('Classification Matrix'!$D$2:$D$307,"Z",'Classification Matrix'!$G$2:$G$307,L$4)+COUNTIFS('Classification Matrix'!$D$2:$D$307,"Z",'Classification Matrix'!$H$2:$H$307,L$4)+COUNTIFS('Classification Matrix'!$D$2:$D$307,"Z",'Classification Matrix'!$I$2:$I$307,L$4) | M30: =COUNTIF(C30:L30,">0")
A31: AA. Congruent figures | B31: =COUNTIF('Classification Matrix'!$D$2:$D$307,"AA") | C31: =COUNTIFS('Classification Matrix'!$D$2:$D$307,"AA",'Classification Matrix'!$G$2:$G$307,C$4)+COUNTIFS('Classification Matrix'!$D$2:$D$307,"AA",'Classification Matrix'!$H$2:$H$307,C$4)+COUNTIFS('Classification Matrix'!$D$2:$D$307,"AA",'Classification Matrix'!$I$2:$I$307,C$4) | D31: =COUNTIFS('Classification Matrix'!$D$2:$D$307,"AA",'Classification Matrix'!$G$2:$G$307,D$4)+COUNTIFS('Classification Matrix'!$D$2:$D$307,"AA",'Classification Matrix'!$H$2:$H$307,D$4)+COUNTIFS('Classification Matrix'!$D$2:$D$307,"AA",'Classification Matrix'!$I$2:$I$307,D$4) | E31: =COUNTIFS('Classification Matrix'!$D$2:$D$307,"AA",'Classification Matrix'!$G$2:$G$307,E$4)+COUNTIFS('Classification Matrix'!$D$2:$D$307,"AA",'Classification Matrix'!$H$2:$H$307,E$4)+COUNTIFS('Classification Matrix'!$D$2:$D$307,"AA",'Classification Matrix'!$I$2:$I$307,E$4) | F31: =COUNTIFS('Classification Matrix'!$D$2:$D$307,"AA",'Classification Matrix'!$G$2:$G$307,F$4)+COUNTIFS('Classification Matrix'!$D$2:$D$307,"AA",'Classification Matrix'!$H$2:$H$307,F$4)+COUNTIFS('Classification Matrix'!$D$2:$D$307,"AA",'Classification Matrix'!$I$2:$I$307,F$4) | G31: =COUNTIFS('Classification Matrix'!$D$2:$D$307,"AA",'Classification Matrix'!$G$2:$G$307,G$4)+COUNTIFS('Classification Matrix'!$D$2:$D$307,"AA",'Classification Matrix'!$H$2:$H$307,G$4)+COUNTIFS('Classification Matrix'!$D$2:$D$307,"AA",'Classification Matrix'!$I$2:$I$307,G$4) | H31: =COUNTIFS('Classification Matrix'!$D$2:$D$307,"AA",'Classification Matrix'!$G$2:$G$307,H$4)+COUNTIFS('Classification Matrix'!$D$2:$D$307,"AA",'Classification Matrix'!$H$2:$H$307,H$4)+COUNTIFS('Classification Matrix'!$D$2:$D$307,"AA",'Classification Matrix'!$I$2:$I$307,H$4) | I31: =COUNTIFS('Classification Matrix'!$D$2:$D$307,"AA",'Classification Matrix'!$G$2:$G$307,I$4)+COUNTIFS('Classification Matrix'!$D$2:$D$307,"AA",'Classification Matrix'!$H$2:$H$307,I$4)+COUNTIFS('Classification Matrix'!$D$2:$D$307,"AA",'Classification Matrix'!$I$2:$I$307,I$4) | J31: =COUNTIFS('Classification Matrix'!$D$2:$D$307,"AA",'Classification Matrix'!$G$2:$G$307,J$4)+COUNTIFS('Classification Matrix'!$D$2:$D$307,"AA",'Classification Matrix'!$H$2:$H$307,J$4)+COUNTIFS('Classification Matrix'!$D$2:$D$307,"AA",'Classification Matrix'!$I$2:$I$307,J$4) | ... L31: =COUNTIFS('Classification Matrix'!$D$2:$D$307,"AA",'Classification Matrix'!$G$2:$G$307,L$4)+COUNTIFS('Classification Matrix'!$D$2:$D$307,"AA",'Classification Matrix'!$H$2:$H$307,L$4)+COUNTIFS('Classification Matrix'!$D$2:$D$307,"AA",'Classification Matrix'!$I$2:$I$307,L$4) | M31: =COUNTIF(C31:L31,">0")
A32: BB. Triangles | B32: =COUNTIF('Classification Matrix'!$D$2:$D$307,"BB") | C32: =COUNTIFS('Classification Matrix'!$D$2:$D$307,"BB",'Classification Matrix'!$G$2:$G$307,C$4)+COUNTIFS('Classification Matrix'!$D$2:$D$307,"BB",'Classification Matrix'!$H$2:$H$307,C$4)+COUNTIFS('Classification Matrix'!$D$2:$D$307,"BB",'Classification Matrix'!$I$2:$I$307,C$4) | D32: =COUNTIFS('Classification Matrix'!$D$2:$D$307,"BB",'Classification Matrix'!$G$2:$G$307,D$4)+COUNTIFS('Classification Matrix'!$D$2:$D$307,"BB",'Classification Matrix'!$H$2:$H$307,D$4)+COUNTIFS('Classification Matrix'!$D$2:$D$307,"BB",'Classification Matrix'!$I$2:$I$307,D$4) | E32: =COUNTIFS('Classification Matrix'!$D$2:$D$307,"BB",'Classification Matrix'!$G$2:$G$307,E$4)+COUNTIFS('Classification Matrix'!$D$2:$D$307,"BB",'Classification Matrix'!$H$2:$H$307,E$4)+COUNTIFS('Classification Matrix'!$D$2:$D$307,"BB",'Classification Matrix'!$I$2:$I$307,E$4) | F32: =COUNTIFS('Classification Matrix'!$D$2:$D$307,"BB",'Classification Matrix'!$G$2:$G$307,F$4)+COUNTIFS('Classification Matrix'!$D$2:$D$307,"BB",'Classification Matrix'!$H$2:$H$307,F$4)+COUNTIFS('Classification Matrix'!$D$2:$D$307,"BB",'Classification Matrix'!$I$2:$I$307,F$4) | G32: =COUNTIFS('Classification Matrix'!$D$2:$D$307,"BB",'Classification Matrix'!$G$2:$G$307,G$4)+COUNTIFS('Classification Matrix'!$D$2:$D$307,"BB",'Classification Matrix'!$H$2:$H$307,G$4)+COUNTIFS('Classification Matrix'!$D$2:$D$307,"BB",'Classification Matrix'!$I$2:$I$307,G$4) | H32: =COUNTIFS('Classification Matrix'!$D$2:$D$307,"BB",'Classification Matrix'!$G$2:$G$307,H$4)+COUNTIFS('Classification Matrix'!$D$2:$D$307,"BB",'Classification Matrix'!$H$2:$H$307,H$4)+COUNTIFS('Classification Matrix'!$D$2:$D$307,"BB",'Classification Matrix'!$I$2:$I$307,H$4) | I32: =COUNTIFS('Classification Matrix'!$D$2:$D$307,"BB",'Classification Matrix'!$G$2:$G$307,I$4)+COUNTIFS('Classification Matrix'!$D$2:$D$307,"BB",'Classification Matrix'!$H$2:$H$307,I$4)+COUNTIFS('Classification Matrix'!$D$2:$D$307,"BB",'Classification Matrix'!$I$2:$I$307,I$4) | J32: =COUNTIFS('Classification Matrix'!$D$2:$D$307,"BB",'Classification Matrix'!$G$2:$G$307,J$4)+COUNTIFS('Classification Matrix'!$D$2:$D$307,"BB",'Classification Matrix'!$H$2:$H$307,J$4)+COUNTIFS('Classification Matrix'!$D$2:$D$307,"BB",'Classification Matrix'!$I$2:$I$307,J$4) | ... L32: =COUNTIFS('Classification Matrix'!$D$2:$D$307,"BB",'Classification Matrix'!$G$2:$G$307,L$4)+COUNTIFS('Classification Matrix'!$D$2:$D$307,"BB",'Classification Matrix'!$H$2:$H$307,L$4)+COUNTIFS('Classification Matrix'!$D$2:$D$307,"BB",'Classification Matrix'!$I$2:$I$307,L$4) | M32: =COUNTIF(C32:L32,">0")
A33: CC. Similarity | B33: =COUNTIF('Classification Matrix'!$D$2:$D$307,"CC") | C33: =COUNTIFS('Classification Matrix'!$D$2:$D$307,"CC",'Classification Matrix'!$G$2:$G$307,C$4)+COUNTIFS('Classification Matrix'!$D$2:$D$307,"CC",'Classification Matrix'!$H$2:$H$307,C$4)+COUNTIFS('Classification Matrix'!$D$2:$D$307,"CC",'Classification Matrix'!$I$2:$I$307,C$4) | D33: =COUNTIFS('Classification Matrix'!$D$2:$D$307,"CC",'Classification Matrix'!$G$2:$G$307,D$4)+COUNTIFS('Classification Matrix'!$D$2:$D$307,"CC",'Classification Matrix'!$H$2:$H$307,D$4)+COUNTIFS('Classification Matrix'!$D$2:$D$307,"CC",'Classification Matrix'!$I$2:$I$307,D$4) | E33: =COUNTIFS('Classification Matrix'!$D$2:$D$307,"CC",'Classification Matrix'!$G$2:$G$307,E$4)+COUNTIFS('Classification Matrix'!$D$2:$D$307,"CC",'Classification Matrix'!$H$2:$H$307,E$4)+COUNTIFS('Classification Matrix'!$D$2:$D$307,"CC",'Classification Matrix'!$I$2:$I$307,E$4) | F33: =COUNTIFS('Classification Matrix'!$D$2:$D$307,"CC",'Classification Matrix'!$G$2:$G$307,F$4)+COUNTIFS('Classification Matrix'!$D$2:$D$307,"CC",'Classification Matrix'!$H$2:$H$307,F$4)+COUNTIFS('Classification Matrix'!$D$2:$D$307,"CC",'Classification Matrix'!$I$2:$I$307,F$4) | G33: =COUNTIFS('Classification Matrix'!$D$2:$D$307,"CC",'Classification Matrix'!$G$2:$G$307,G$4)+COUNTIFS('Classification Matrix'!$D$2:$D$307,"CC",'Classification Matrix'!$H$2:$H$307,G$4)+COUNTIFS('Classification Matrix'!$D$2:$D$307,"CC",'Classification Matrix'!$I$2:$I$307,G$4) | H33: =COUNTIFS('Classification Matrix'!$D$2:$D$307,"CC",'Classification Matrix'!$G$2:$G$307,H$4)+COUNTIFS('Classification Matrix'!$D$2:$D$307,"CC",'Classification Matrix'!$H$2:$H$307,H$4)+COUNTIFS('Classification Matrix'!$D$2:$D$307,"CC",'Classification Matrix'!$I$2:$I$307,H$4) | I33: =COUNTIFS('Classification Matrix'!$D$2:$D$307,"CC",'Classification Matrix'!$G$2:$G$307,I$4)+COUNTIFS('Classification Matrix'!$D$2:$D$307,"CC",'Classification Matrix'!$H$2:$H$307,I$4)+COUNTIFS('Classification Matrix'!$D$2:$D$307,"CC",'Classification Matrix'!$I$2:$I$307,I$4) | J33: =COUNTIFS('Classification Matrix'!$D$2:$D$307,"CC",'Classification Matrix'!$G$2:$G$307,J$4)+COUNTIFS('Classification Matrix'!$D$2:$D$307,"CC",'Classification Matrix'!$H$2:$H$307,J$4)+COUNTIFS('Classification Matrix'!$D$2:$D$307,"CC",'Classification Matrix'!$I$2:$I$307,J$4) | ... L33: =COUNTIFS('Classification Matrix'!$D$2:$D$307,"CC",'Classification Matrix'!$G$2:$G$307,L$4)+COUNTIFS('Classification Matrix'!$D$2:$D$307,"CC",'Classification Matrix'!$H$2:$H$307,L$4)+COUNTIFS('Classification Matrix'!$D$2:$D$307,"CC",'Classification Matrix'!$I$2:$I$307,L$4) | M33: =COUNTIF(C33:L33,">0")
A34: DD. Right triangles | B34: =COUNTIF('Classification Matrix'!$D$2:$D$307,"DD") | C34: =COUNTIFS('Classification Matrix'!$D$2:$D$307,"DD",'Classification Matrix'!$G$2:$G$307,C$4)+COUNTIFS('Classification Matrix'!$D$2:$D$307,"DD",'Classification Matrix'!$H$2:$H$307,C$4)+COUNTIFS('Classification Matrix'!$D$2:$D$307,"DD",'Classification Matrix'!$I$2:$I$307,C$4) | D34: =COUNTIFS('Classification Matrix'!$D$2:$D$307,"DD",'Classification Matrix'!$G$2:$G$307,D$4)+COUNTIFS('Classification Matrix'!$D$2:$D$307,"DD",'Classification Matrix'!$H$2:$H$307,D$4)+COUNTIFS('Classification Matrix'!$D$2:$D$307,"DD",'Classification Matrix'!$I$2:$I$307,D$4) | E34: =COUNTIFS('Classification Matrix'!$D$2:$D$307,"DD",'Classification Matrix'!$G$2:$G$307,E$4)+COUNTIFS('Classification Matrix'!$D$2:$D$307,"DD",'Classification Matrix'!$H$2:$H$307,E$4)+COUNTIFS('Classification Matrix'!$D$2:$D$307,"DD",'Classification Matrix'!$I$2:$I$307,E$4) | F34: =COUNTIFS('Classification Matrix'!$D$2:$D$307,"DD",'Classification Matrix'!$G$2:$G$307,F$4)+COUNTIFS('Classification Matrix'!$D$2:$D$307,"DD",'Classification Matrix'!$H$2:$H$307,F$4)+COUNTIFS('Classification Matrix'!$D$2:$D$307,"DD",'Classification Matrix'!$I$2:$I$307,F$4) | G34: =COUNTIFS('Classification Matrix'!$D$2:$D$307,"DD",'Classification Matrix'!$G$2:$G$307,G$4)+COUNTIFS('Classification Matrix'!$D$2:$D$307,"DD",'Classification Matrix'!$H$2:$H$307,G$4)+COUNTIFS('Classification Matrix'!$D$2:$D$307,"DD",'Classification Matrix'!$I$2:$I$307,G$4) | H34: =COUNTIFS('Classification Matrix'!$D$2:$D$307,"DD",'Classification Matrix'!$G$2:$G$307,H$4)+COUNTIFS('Classification Matrix'!$D$2:$D$307,"DD",'Classification Matrix'!$H$2:$H$307,H$4)+COUNTIFS('Classification Matrix'!$D$2:$D$307,"DD",'Classification Matrix'!$I$2:$I$307,H$4) | I34: =COUNTIFS('Classification Matrix'!$D$2:$D$307,"DD",'Classification Matrix'!$G$2:$G$307,I$4)+COUNTIFS('Classification Matrix'!$D$2:$D$307,"DD",'Classification Matrix'!$H$2:$H$307,I$4)+COUNTIFS('Classification Matrix'!$D$2:$D$307,"DD",'Classification Matrix'!$I$2:$I$307,I$4) | J34: =COUNTIFS('Classification Matrix'!$D$2:$D$307,"DD",'Classification Matrix'!$G$2:$G$307,J$4)+COUNTIFS('Classification Matrix'!$D$2:$D$307,"DD",'Classification Matrix'!$H$2:$H$307,J$4)+COUNTIFS('Classification Matrix'!$D$2:$D$307,"DD",'Classification Matrix'!$I$2:$I$307,J$4) | ... L34: =COUNTIFS('Classification Matrix'!$D$2:$D$307,"DD",'Classification Matrix'!$G$2:$G$307,L$4)+COUNTIFS('Classification Matrix'!$D$2:$D$307,"DD",'Classification Matrix'!$H$2:$H$307,L$4)+COUNTIFS('Classification Matrix'!$D$2:$D$307,"DD",'Classification Matrix'!$I$2:$I$307,L$4) | M34: =COUNTIF(C34:L34,">0")
A35: EE. Trigonometry | B35: =COUNTIF('Classification Matrix'!$D$2:$D$307,"EE") | C35: =COUNTIFS('Classification Matrix'!$D$2:$D$307,"EE",'Classification Matrix'!$G$2:$G$307,C$4)+COUNTIFS('Classification Matrix'!$D$2:$D$307,"EE",'Classification Matrix'!$H$2:$H$307,C$4)+COUNTIFS('Classification Matrix'!$D$2:$D$307,"EE",'Classification Matrix'!$I$2:$I$307,C$4) | D35: =COUNTIFS('Classification Matrix'!$D$2:$D$307,"EE",'Classification Matrix'!$G$2:$G$307,D$4)+COUNTIFS('Classification Matrix'!$D$2:$D$307,"EE",'Classification Matrix'!$H$2:$H$307,D$4)+COUNTIFS('Classification Matrix'!$D$2:$D$307,"EE",'Classification Matrix'!$I$2:$I$307,D$4) | E35: =COUNTIFS('Classification Matrix'!$D$2:$D$307,"EE",'Classification Matrix'!$G$2:$G$307,E$4)+COUNTIFS('Classification Matrix'!$D$2:$D$307,"EE",'Classification Matrix'!$H$2:$H$307,E$4)+COUNTIFS('Classification Matrix'!$D$2:$D$307,"EE",'Classification Matrix'!$I$2:$I$307,E$4) | F35: =COUNTIFS('Classification Matrix'!$D$2:$D$307,"EE",'Classification Matrix'!$G$2:$G$307,F$4)+COUNTIFS('Classification Matrix'!$D$2:$D$307,"EE",'Classification Matrix'!$H$2:$H$307,F$4)+COUNTIFS('Classification Matrix'!$D$2:$D$307,"EE",'Classification Matrix'!$I$2:$I$307,F$4) | G35: =COUNTIFS('Classification Matrix'!$D$2:$D$307,"EE",'Classification Matrix'!$G$2:$G$307,G$4)+COUNTIFS('Classification Matrix'!$D$2:$D$307,"EE",'Classification Matrix'!$H$2:$H$307,G$4)+COUNTIFS('Classification Matrix'!$D$2:$D$307,"EE",'Classification Matrix'!$I$2:$I$307,G$4) | H35: =COUNTIFS('Classification Matrix'!$D$2:$D$307,"EE",'Classification Matrix'!$G$2:$G$307,H$4)+COUNTIFS('Classification Matrix'!$D$2:$D$307,"EE",'Classification Matrix'!$H$2:$H$307,H$4)+COUNTIFS('Classification Matrix'!$D$2:$D$307,"EE",'Classification Matrix'!$I$2:$I$307,H$4) | I35: =COUNTIFS('Classification Matrix'!$D$2:$D$307,"EE",'Classification Matrix'!$G$2:$G$307,I$4)+COUNTIFS('Classification Matrix'!$D$2:$D$307,"EE",'Classification Matrix'!$H$2:$H$307,I$4)+COUNTIFS('Classification Matrix'!$D$2:$D$307,"EE",'Classification Matrix'!$I$2:$I$307,I$4) | J35: =COUNTIFS('Classification Matrix'!$D$2:$D$307,"EE",'Classification Matrix'!$G$2:$G$307,J$4)+COUNTIFS('Classification Matrix'!$D$2:$D$307,"EE",'Classification Matrix'!$H$2:$H$307,J$4)+COUNTIFS('Classification Matrix'!$D$2:$D$307,"EE",'Classification Matrix'!$I$2:$I$307,J$4) | ... L35: =COUNTIFS('Classification Matrix'!$D$2:$D$307,"EE",'Classification Matrix'!$G$2:$G$307,L$4)+COUNTIFS('Classification Matrix'!$D$2:$D$307,"EE",'Classification Matrix'!$H$2:$H$307,L$4)+COUNTIFS('Classification Matrix'!$D$2:$D$307,"EE",'Classification Matrix'!$I$2:$I$307,L$4) | M35: =COUNTIF(C35:L35,">0")
A36: FF. Transformations | B36: =COUNTIF('Classification Matrix'!$D$2:$D$307,"FF") | C36: =COUNTIFS('Classification Matrix'!$D$2:$D$307,"FF",'Classification Matrix'!$G$2:$G$307,C$4)+COUNTIFS('Classification Matrix'!$D$2:$D$307,"FF",'Classification Matrix'!$H$2:$H$307,C$4)+COUNTIFS('Classification Matrix'!$D$2:$D$307,"FF",'Classification Matrix'!$I$2:$I$307,C$4) | D36: =COUNTIFS('Classification Matrix'!$D$2:$D$307,"FF",'Classification Matrix'!$G$2:$G$307,D$4)+COUNTIFS('Classification Matrix'!$D$2:$D$307,"FF",'Classification Matrix'!$H$2:$H$307,D$4)+COUNTIFS('Classification Matrix'!$D$2:$D$307,"FF",'Classification Matrix'!$I$2:$I$307,D$4) | E36: =COUNTIFS('Classification Matrix'!$D$2:$D$307,"FF",'Classification Matrix'!$G$2:$G$307,E$4)+COUNTIFS('Classification Matrix'!$D$2:$D$307,"FF",'Classification Matrix'!$H$2:$H$307,E$4)+COUNTIFS('Classification Matrix'!$D$2:$D$307,"FF",'Classification Matrix'!$I$2:$I$307,E$4) | F36: =COUNTIFS('Classification Matrix'!$D$2:$D$307,"FF",'Classification Matrix'!$G$2:$G$307,F$4)+COUNTIFS('Classification Matrix'!$D$2:$D$307,"FF",'Classification Matrix'!$H$2:$H$307,F$4)+COUNTIFS('Classification Matrix'!$D$2:$D$307,"FF",'Classification Matrix'!$I$2:$I$307,F$4) | G36: =COUNTIFS('Classification Matrix'!$D$2:$D$307,"FF",'Classification Matrix'!$G$2:$G$307,G$4)+COUNTIFS('Classification Matrix'!$D$2:$D$307,"FF",'Classification Matrix'!$H$2:$H$307,G$4)+COUNTIFS('Classification Matrix'!$D$2:$D$307,"FF",'Classification Matrix'!$I$2:$I$307,G$4) | H36: =COUNTIFS('Classification Matrix'!$D$2:$D$307,"FF",'Classification Matrix'!$G$2:$G$307,H$4)+COUNTIFS('Classification Matrix'!$D$2:$D$307,"FF",'Classification Matrix'!$H$2:$H$307,H$4)+COUNTIFS('Classification Matrix'!$D$2:$D$307,"FF",'Classification Matrix'!$I$2:$I$307,H$4) | I36: =COUNTIFS('Classification Matrix'!$D$2:$D$307,"FF",'Classification Matrix'!$G$2:$G$307,I$4)+COUNTIFS('Classification Matrix'!$D$2:$D$307,"FF",'Classification Matrix'!$H$2:$H$307,I$4)+COUNTIFS('Classification Matrix'!$D$2:$D$307,"FF",'Classification Matrix'!$I$2:$I$307,I$4) | J36: =COUNTIFS('Classification Matrix'!$D$2:$D$307,"FF",'Classification Matrix'!$G$2:$G$307,J$4)+COUNTIFS('Classification Matrix'!$D$2:$D$307,"FF",'Classification Matrix'!$H$2:$H$307,J$4)+COUNTIFS('Classification Matrix'!$D$2:$D$307,"FF",'Classification Matrix'!$I$2:$I$307,J$4) | ... L36: =COUNTIFS('Classification Matrix'!$D$2:$D$307,"FF",'Classification Matrix'!$G$2:$G$307,L$4)+COUNTIFS('Classification Matrix'!$D$2:$D$307,"FF",'Classification Matrix'!$H$2:$H$307,L$4)+COUNTIFS('Classification Matrix'!$D$2:$D$307,"FF",'Classification Matrix'!$I$2:$I$307,L$4) | M36: =COUNTIF(C36:L36,">0")
A37: GG. Probability | B37: =COUNTIF('Classification Matrix'!$D$2:$D$307,"GG") | C37: =COUNTIFS('Classification Matrix'!$D$2:$D$307,"GG",'Classification Matrix'!$G$2:$G$307,C$4)+COUNTIFS('Classification Matrix'!$D$2:$D$307,"GG",'Classification Matrix'!$H$2:$H$307,C$4)+COUNTIFS('Classification Matrix'!$D$2:$D$307,"GG",'Classification Matrix'!$I$2:$I$307,C$4) | D37: =COUNTIFS('Classification Matrix'!$D$2:$D$307,"GG",'Classification Matrix'!$G$2:$G$307,D$4)+COUNTIFS('Classification Matrix'!$D$2:$D$307,"GG",'Classification Matrix'!$H$2:$H$307,D$4)+COUNTIFS('Classification Matrix'!$D$2:$D$307,"GG",'Classification Matrix'!$I$2:$I$307,D$4) | E37: =COUNTIFS('Classification Matrix'!$D$2:$D$307,"GG",'Classification Matrix'!$G$2:$G$307,E$4)+COUNTIFS('Classification Matrix'!$D$2:$D$307,"GG",'Classification Matrix'!$H$2:$H$307,E$4)+COUNTIFS('Classification Matrix'!$D$2:$D$307,"GG",'Classification Matrix'!$I$2:$I$307,E$4) | F37: =COUNTIFS('Classification Matrix'!$D$2:$D$307,"GG",'Classification Matrix'!$G$2:$G$307,F$4)+COUNTIFS('Classification Matrix'!$D$2:$D$307,"GG",'Classification Matrix'!$H$2:$H$307,F$4)+COUNTIFS('Classification Matrix'!$D$2:$D$307,"GG",'Classification Matrix'!$I$2:$I$307,F$4) | G37: =COUNTIFS('Classification Matrix'!$D$2:$D$307,"GG",'Classification Matrix'!$G$2:$G$307,G$4)+COUNTIFS('Classification Matrix'!$D$2:$D$307,"GG",'Classification Matrix'!$H$2:$H$307,G$4)+COUNTIFS('Classification Matrix'!$D$2:$D$307,"GG",'Classification Matrix'!$I$2:$I$307,G$4) | H37: =COUNTIFS('Classification Matrix'!$D$2:$D$307,"GG",'Classification Matrix'!$G$2:$G$307,H$4)+COUNTIFS('Classification Matrix'!$D$2:$D$307,"GG",'Classification Matrix'!$H$2:$H$307,H$4)+COUNTIFS('Classification Matrix'!$D$2:$D$307,"GG",'Classification Matrix'!$I$2:$I$307,H$4) | I37: =COUNTIFS('Classification Matrix'!$D$2:$D$307,"GG",'Classification Matrix'!$G$2:$G$307,I$4)+COUNTIFS('Classification Matrix'!$D$2:$D$307,"GG",'Classification Matrix'!$H$2:$H$307,I$4)+COUNTIFS('Classification Matrix'!$D$2:$D$307,"GG",'Classification Matrix'!$I$2:$I$307,I$4) | J37: =COUNTIFS('Classification Matrix'!$D$2:$D$307,"GG",'Classification Matrix'!$G$2:$G$307,J$4)+COUNTIFS('Classification Matrix'!$D$2:$D$307,"GG",'Classification Matrix'!$H$2:$H$307,J$4)+COUNTIFS('Classification Matrix'!$D$2:$D$307,"GG",'Classification Matrix'!$I$2:$I$307,J$4) | ... L37: =COUNTIFS('Classification Matrix'!$D$2:$D$307,"GG",'Classification Matrix'!$G$2:$G$307,L$4)+COUNTIFS('Classification Matrix'!$D$2:$D$307,"GG",'Classification Matrix'!$H$2:$H$307,L$4)+COUNTIFS('Classification Matrix'!$D$2:$D$307,"GG",'Classification Matrix'!$I$2:$I$307,L$4) | M37: =COUNTIF(C37:L37,">0")
A38: HH. Statistics | B38: =COUNTIF('Classification Matrix'!$D$2:$D$307,"HH") | C38: =COUNTIFS('Classification Matrix'!$D$2:$D$307,"HH",'Classification Matrix'!$G$2:$G$307,C$4)+COUNTIFS('Classification Matrix'!$D$2:$D$307,"HH",'Classification Matrix'!$H$2:$H$307,C$4)+COUNTIFS('Classification Matrix'!$D$2:$D$307,"HH",'Classification Matrix'!$I$2:$I$307,C$4) | D38: =COUNTIFS('Classification Matrix'!$D$2:$D$307,"HH",'Classification Matrix'!$G$2:$G$307,D$4)+COUNTIFS('Classification Matrix'!$D$2:$D$307,"HH",'Classification Matrix'!$H$2:$H$307,D$4)+COUNTIFS('Classification Matrix'!$D$2:$D$307,"HH",'Classification Matrix'!$I$2:$I$307,D$4) | E38: =COUNTIFS('Classification Matrix'!$D$2:$D$307,"HH",'Classification Matrix'!$G$2:$G$307,E$4)+COUNTIFS('Classification Matrix'!$D$2:$D$307,"HH",'Classification Matrix'!$H$2:$H$307,E$4)+COUNTIFS('Classification Matrix'!$D$2:$D$307,"HH",'Classification Matrix'!$I$2:$I$307,E$4) | F38: =COUNTIFS('Classification Matrix'!$D$2:$D$307,"HH",'Classification Matrix'!$G$2:$G$307,F$4)+COUNTIFS('Classification Matrix'!$D$2:$D$307,"HH",'Classification Matrix'!$H$2:$H$307,F$4)+COUNTIFS('Classification Matrix'!$D$2:$D$307,"HH",'Classification Matrix'!$I$2:$I$307,F$4) | G38: =COUNTIFS('Classification Matrix'!$D$2:$D$307,"HH",'Classification Matrix'!$G$2:$G$307,G$4)+COUNTIFS('Classification Matrix'!$D$2:$D$307,"HH",'Classification Matrix'!$H$2:$H$307,G$4)+COUNTIFS('Classification Matrix'!$D$2:$D$307,"HH",'Classification Matrix'!$I$2:$I$307,G$4) | H38: =COUNTIFS('Classification Matrix'!$D$2:$D$307,"HH",'Classification Matrix'!$G$2:$G$307,H$4)+COUNTIFS('Classification Matrix'!$D$2:$D$307,"HH",'Classification Matrix'!$H$2:$H$307,H$4)+COUNTIFS('Classification Matrix'!$D$2:$D$307,"HH",'Classification Matrix'!$I$2:$I$307,H$4) | I38: =COUNTIFS('Classification Matrix'!$D$2:$D$307,"HH",'Classification Matrix'!$G$2:$G$307,I$4)+COUNTIFS('Classification Matrix'!$D$2:$D$307,"HH",'Classification Matrix'!$H$2:$H$307,I$4)+COUNTIFS('Classification Matrix'!$D$2:$D$307,"HH",'Classification Matrix'!$I$2:$I$307,I$4) | J38: =COUNTIFS('Classification Matrix'!$D$2:$D$307,"HH",'Classification Matrix'!$G$2:$G$307,J$4)+COUNTIFS('Classification Matrix'!$D$2:$D$307,"HH",'Classification Matrix'!$H$2:$H$307,J$4)+COUNTIFS('Classification Matrix'!$D$2:$D$307,"HH",'Classification Matrix'!$I$2:$I$307,J$4) | ... L38: =COUNTIFS('Classification Matrix'!$D$2:$D$307,"HH",'Classification Matrix'!$G$2:$G$307,L$4)+COUNTIFS('Classification Matrix'!$D$2:$D$307,"HH",'Classification Matrix'!$H$2:$H$307,L$4)+COUNTIFS('Classification Matrix'!$D$2:$D$307,"HH",'Classification Matrix'!$I$2:$I$307,L$4) | M38: =COUNTIF(C38:L38,">0")
A39: TOTAL | B39: =SUM(B5:B38) | C39: =SUM(C5:C38) | D39: =SUM(D5:D38) | E39: =SUM(E5:E38) | F39: =SUM(F5:F38) | G39: =SUM(G5:G38) | H39: =SUM(H5:H38) | I39: =SUM(I5:I38) | ... L39: =SUM(L5:L38)

Sheet Method and Rules
A1: PCPM - primitives as typed operations, skills as pipelines (v2)
A3: What changed from v1
A4: v1 gave each skill a 'primary' and 'secondary' primitive. That ordering was a ranking by importance, and it was not reproducible - 18 primitive pairs appeared in both orders. v2 replaces ranking with SEQUENCE: the order in which the student performs the operations. Sequence is observable and checkable, so the same pairs that looked like noise now carry information.
A5: Example: 'Solve linear equations: word problems' is Represent -> Constrain (translate, then solve). 'Graph solutions to two-step inequalities' is Constrain -> Represent (solve, then draw). Same two primitives, opposite order, genuinely different tasks.
A7: The two-layer model
A8: Layer 1 - PRIMITIVES. Ten typed operations, each with a rule the student learns once. See the Primitive Vocabulary sheet.
A9: Layer 2 - COMPOSITION. Which primitives to invoke and in what order. This is the solver's judgement, not a memorised procedure. See the Pipeline Library sheet.
A10: This is the pedagogical claim: teach 10 operations and the skill of recognising which to call, instead of 306 separate procedures.
A12: Classification rules (so a second reviewer can reproduce or contest this)
A13: 1. Ignore the curriculum category. Classify only by the reasoning performed.
A14: 2. Record steps in the order the student performs them, not by importance.
A15: 3. Collapse identical consecutive steps. Two rewrites in a row are one Transform.
... A39: All 306 skills published on https://ca.ixl.com/math/grade-10 (34 categories, A-HH), retrieved 2026-07-20. No Grade 9 or 11 content added; no listed skill dropped.
